DAY_OF_WEEK,FLIGHT_NUMBER,TAIL_NUMBER,SCHEDULED_DEPARTURE,DEPARTURE_TIME,TAXI_OUT,WHEELS_OFF,SCHEDULED_TIME,ELAPSED_TIME,AIR_TIME,DISTANCE,WHEELS_ON,TAXI_IN,SCHEDULED_ARRIVAL,ARRIVAL_TIME,YEAR,MONTH,DAY,DEPARTURE_DELAY,ARRIVAL_DELAY,CANCELLED,DIVERTED,AIRLINE,ORIGIN_AIRPORT,DESTINATION_AIRPORT,CANCELLATION_REASON,AIR_SYSTEM_DELAY,SECURITY_DELAY,AIRLINE_DELAY,LATE_AIRCRAFT_DELAY,WEATHER_DELAY,TOTAL_DELAY,LOAD_TIMESTAMP,DELAY_CATEGORY,DISTANCE_CATEGORY,DAY_TYPE,FLIGHT_STATUS,WEATHER_IMPACT,ON_TIME_FLAG,RECORD_DATE
6,1580,N358JB,1618,1648,12,1700,145,129,114,899,1854,3,1843,1857,2015,1,10,30,14,0,0,B6,FLL,DCA,NONE,0.00000,0.00000,0.00000,0.00000,0.00000,44,2025-11-27 05:45:15.100 -0800,MEDIUM,MEDIUM_HAUL,WEEKDAY,COMPLETED,NO_WEATHER_IMPACT,0,2025-11-27
6,3444,N918MQ,1618,1615,13,1628,137,140,109,690,1817,18,1835,1835,2015,1,10,-3,0,0,0,MQ,BMI,DFW,NONE,0.00000,0.00000,0.00000,0.00000,0.00000,-3,2025-11-27 05:45:15.100 -0800,NO_DELAY,MEDIUM_HAUL,WEEKDAY,COMPLETED,NO_WEATHER_IMPACT,1,2025-11-27
6,216,N439UA,1619,1620,15,1635,213,184,164,1235,1719,5,1752,1724,2015,1,10,1,-28,0,0,UA,DFW,LAX,NONE,0.00000,0.00000,0.00000,0.00000,0.00000,-27,2025-11-27 05:45:15.100 -0800,NO_DELAY,MEDIUM_HAUL,WEEKDAY,COMPLETED,NO_WEATHER_IMPACT,1,2025-11-27
6,2152,N143DA,1619,1617,12,1629,294,261,245,1892,1734,4,1813,1738,2015,1,10,-2,-35,0,0,DL,ATL,SAN,NONE,0.00000,0.00000,0.00000,0.00000,0.00000,-37,2025-11-27 05:45:15.100 -0800,NO_DELAY,LONG_HAUL,WEEKDAY,COMPLETED,NO_WEATHER_IMPACT,1,2025-11-27
6,65,N340NW,1619,1619,13,1632,113,122,82,594,1754,27,1812,1821,2015,1,10,0,9,0,0,DL,ATL,MIA,NONE,0.00000,0.00000,0.00000,0.00000,0.00000,9,2025-11-27 05:45:15.100 -0800,SHORT,MEDIUM_HAUL,WEEKDAY,COMPLETED,NO_WEATHER_IMPACT,0,2025-11-27
6,1509,N6716C,1619,1608,17,1625,215,206,184,1310,1829,5,1854,1834,2015,1,10,-11,-20,0,0,DL,MCO,MSP,NONE,0.00000,0.00000,0.00000,0.00000,0.00000,-31,2025-11-27 05:45:15.100 -0800,NO_DELAY,MEDIUM_HAUL,WEEKDAY,COMPLETED,NO_WEATHER_IMPACT,1,2025-11-27
6,5658,N719SK,1620,1620,18,1638,41,44,17,73,1655,9,1701,1704,2015,1,10,0,3,0,0,OO,DEN,COS,NONE,0.00000,0.00000,0.00000,0.00000,0.00000,3,2025-11-27 05:45:15.100 -0800,SHORT,SHORT_HAUL,WEEKDAY,COMPLETED,NO_WEATHER_IMPACT,0,2025-11-27
6,793,N701UW,1620,1616,14,1630,121,114,95,575,1705,5,1721,1710,2015,1,10,-4,-11,0,0,US,CLT,STL,NONE,0.00000,0.00000,0.00000,0.00000,0.00000,-15,2025-11-27 05:45:15.100 -0800,NO_DELAY,MEDIUM_HAUL,WEEKDAY,COMPLETED,NO_WEATHER_IMPACT,1,2025-11-27
6,2031,N959UW,1620,1619,15,1634,146,124,104,666,1818,5,1846,1823,2015,1,10,-1,-23,0,0,US,PHL,ATL,NONE,0.00000,0.00000,0.00000,0.00000,0.00000,-24,2025-11-27 05:45:15.100 -0800,NO_DELAY,MEDIUM_HAUL,WEEKDAY,COMPLETED,NO_WEATHER_IMPACT,1,2025-11-27
6,2036,N766US,1620,1619,15,1634,106,100,82,603,1756,3,1806,1759,2015,1,10,-1,-7,0,0,US,CLT,SYR,NONE,0.00000,0.00000,0.00000,0.00000,0.00000,-8,2025-11-27 05:45:15.100 -0800,NO_DELAY,MEDIUM_HAUL,WEEKDAY,COMPLETED,NO_WEATHER_IMPACT,1,2025-11-27
6,2038,N520UW,1620,1617,15,1632,112,110,91,683,1803,4,1812,1807,2015,1,10,-3,-5,0,0,US,CLT,PVD,NONE,0.00000,0.00000,0.00000,0.00000,0.00000,-8,2025-11-27 05:45:15.100 -0800,NO_DELAY,MEDIUM_HAUL,WEEKDAY,COMPLETED,NO_WEATHER_IMPACT,1,2025-11-27
6,2046,N201UU,1620,1654,12,1706,113,109,93,600,1839,4,1813,1843,2015,1,10,34,30,0,0,US,CLT,RSW,NONE,0.00000,0.00000,30.00000,0.00000,0.00000,64,2025-11-27 05:45:15.100 -0800,LONG,MEDIUM_HAUL,WEEKDAY,COMPLETED,NO_WEATHER_IMPACT,0,2025-11-27
6,594,N154UW,1620,1615,12,1627,148,147,124,1009,1931,11,1948,1942,2015,1,10,-5,-6,0,0,US,PHX,IAH,NONE,0.00000,0.00000,0.00000,0.00000,0.00000,-11,2025-11-27 05:45:15.100 -0800,NO_DELAY,MEDIUM_HAUL,WEEKDAY,COMPLETED,NO_WEATHER_IMPACT,1,2025-11-27
6,211,N627VA,1620,1631,11,1642,285,267,248,1846,1850,8,1905,1858,2015,1,10,11,-7,0,0,VX,ORD,SFO,NONE,0.00000,0.00000,0.00000,0.00000,0.00000,4,2025-11-27 05:45:15.100 -0800,SHORT,LONG_HAUL,WEEKDAY,COMPLETED,NO_WEATHER_IMPACT,0,2025-11-27
6,936,N835VA,1620,1617,8,1625,80,75,57,337,1722,10,1740,1732,2015,1,10,-3,-8,0,0,VX,SFO,LAX,NONE,0.00000,0.00000,0.00000,0.00000,0.00000,-11,2025-11-27 05:45:15.100 -0800,NO_DELAY,SHORT_HAUL,WEEKDAY,COMPLETED,NO_WEATHER_IMPACT,1,2025-11-27
6,4318,N761RR,1620,1615,5,1620,125,115,105,632,1705,5,1725,1710,2015,1,10,-5,-15,0,0,WN,RDU,MDW,NONE,0.00000,0.00000,0.00000,0.00000,0.00000,-20,2025-11-27 05:45:15.100 -0800,NO_DELAY,MEDIUM_HAUL,WEEKDAY,COMPLETED,NO_WEATHER_IMPACT,1,2025-11-27
6,2744,N964WN,1620,1628,14,1642,205,199,179,1524,2141,6,2145,2147,2015,1,10,8,2,0,0,WN,LAS,MKE,NONE,0.00000,0.00000,0.00000,0.00000,0.00000,10,2025-11-27 05:45:15.100 -0800,SHORT,LONG_HAUL,WEEKDAY,COMPLETED,NO_WEATHER_IMPACT,0,2025-11-27
6,2935,N425LV,1620,1646,12,1658,55,54,35,197,1733,7,1715,1740,2015,1,10,26,25,0,0,WN,LAS,ONT,NONE,0.00000,0.00000,20.00000,5.00000,0.00000,51,2025-11-27 05:45:15.100 -0800,MEDIUM,SHORT_HAUL,WEEKDAY,COMPLETED,NO_WEATHER_IMPACT,0,2025-11-27
6,3531,N637SW,1620,1645,12,1657,105,99,83,377,1820,4,1805,1824,2015,1,10,25,19,0,0,WN,MHT,BWI,NONE,0.00000,0.00000,0.00000,19.00000,0.00000,44,2025-11-27 05:45:15.100 -0800,MEDIUM,SHORT_HAUL,WEEKDAY,COMPLETED,NO_WEATHER_IMPACT,0,2025-11-27
6,4398,N940WN,1620,1616,7,1623,140,134,119,998,1922,8,1940,1930,2015,1,10,-4,-10,0,0,WN,MSY,BWI,NONE,0.00000,0.00000,0.00000,0.00000,0.00000,-14,2025-11-27 05:45:15.100 -0800,NO_DELAY,MEDIUM_HAUL,WEEKDAY,COMPLETED,NO_WEATHER_IMPACT,1,2025-11-27
6,2621,N317WN,1620,1619,19,1638,80,93,55,302,1733,19,1740,1752,2015,1,10,-1,12,0,0,WN,MSY,HOU,NONE,0.00000,0.00000,0.00000,0.00000,0.00000,11,2025-11-27 05:45:15.100 -0800,SHORT,SHORT_HAUL,WEEKDAY,COMPLETED,NO_WEATHER_IMPACT,0,2025-11-27
6,3769,N8634A,1620,1620,7,1627,215,193,182,1300,1829,4,1855,1833,2015,1,10,0,-22,0,0,WN,MSY,PHX,NONE,0.00000,0.00000,0.00000,0.00000,0.00000,-22,2025-11-27 05:45:15.100 -0800,NO_DELAY,MEDIUM_HAUL,WEEKDAY,COMPLETED,NO_WEATHER_IMPACT,1,2025-11-27
6,4271,N493WN,1620,1701,7,1708,80,77,64,386,1812,6,1740,1818,2015,1,10,41,38,0,0,WN,SJC,LAS,NONE,0.00000,0.00000,0.00000,38.00000,0.00000,79,2025-11-27 05:45:15.100 -0800,LONG,SHORT_HAUL,WEEKDAY,COMPLETED,NO_WEATHER_IMPACT,0,2025-11-27
6,2984,N463WN,1620,1622,7,1629,65,53,39,226,1708,7,1725,1715,2015,1,10,2,-10,0,0,WN,SNA,LAS,NONE,0.00000,0.00000,0.00000,0.00000,0.00000,-8,2025-11-27 05:45:15.100 -0800,NO_DELAY,SHORT_HAUL,WEEKDAY,COMPLETED,NO_WEATHER_IMPACT,1,2025-11-27
6,4315,N627SW,1620,1654,9,1703,110,105,89,612,1732,7,1710,1739,2015,1,10,34,29,0,0,WN,TPA,BNA,NONE,0.00000,0.00000,8.00000,21.00000,0.00000,63,2025-11-27 05:45:15.100 -0800,LONG,MEDIUM_HAUL,WEEKDAY,COMPLETED,NO_WEATHER_IMPACT,0,2025-11-27
6,209,N3GTAA,1620,1617,31,1648,80,86,53,337,1741,2,1740,1743,2015,1,10,-3,3,0,0,AA,LAX,SFO,NONE,0.00000,0.00000,0.00000,0.00000,0.00000,0,2025-11-27 05:45:15.100 -0800,NO_DELAY,SHORT_HAUL,WEEKDAY,COMPLETED,NO_WEATHER_IMPACT,1,2025-11-27
6,1035,N574AA,1620,1653,20,1713,60,68,44,237,1757,4,1720,1801,2015,1,10,33,41,0,0,AA,DFW,TUL,NONE,8.00000,0.00000,33.00000,0.00000,0.00000,74,2025-11-27 05:45:15.100 -0800,LONG,SHORT_HAUL,WEEKDAY,COMPLETED,NO_WEATHER_IMPACT,0,2025-11-27
6,2216,N3LWAA,1620,1615,20,1635,237,240,212,1744,2207,8,2217,2215,2015,1,10,-5,-2,0,0,AA,LAX,ORD,NONE,0.00000,0.00000,0.00000,0.00000,0.00000,-7,2025-11-27 05:45:15.100 -0800,NO_DELAY,LONG_HAUL,WEEKDAY,COMPLETED,NO_WEATHER_IMPACT,1,2025-11-27
6,892,N516AS,1620,1613,27,1640,338,325,295,2614,2335,3,2358,2338,2015,1,10,-7,-20,0,0,AS,HNL,SAN,NONE,0.00000,0.00000,0.00000,0.00000,0.00000,-27,2025-11-27 05:45:15.100 -0800,NO_DELAY,LONG_HAUL,WEEKDAY,COMPLETED,NO_WEATHER_IMPACT,1,2025-11-27
6,26,N503JB,1620,1622,12,1634,156,148,129,1005,1843,7,1856,1850,2015,1,10,2,-6,0,0,B6,TPA,JFK,NONE,0.00000,0.00000,0.00000,0.00000,0.00000,-4,2025-11-27 05:45:15.100 -0800,NO_DELAY,MEDIUM_HAUL,WEEKDAY,COMPLETED,NO_WEATHER_IMPACT,1,2025-11-27
6,959,N424AA,1620,1615,15,1630,119,117,92,641,1902,10,1919,1912,2015,1,10,-5,-7,0,0,AA,DEN,DFW,NONE,0.00000,0.00000,0.00000,0.00000,0.00000,-12,2025-11-27 05:45:15.100 -0800,NO_DELAY,MEDIUM_HAUL,WEEKDAY,COMPLETED,NO_WEATHER_IMPACT,1,2025-11-27
6,2230,N804DN,1620,1623,8,1631,305,286,255,1947,1746,23,1825,1809,2015,1,10,3,-16,0,0,DL,ATL,LAX,NONE,0.00000,0.00000,0.00000,0.00000,0.00000,-13,2025-11-27 05:45:15.100 -0800,NO_DELAY,LONG_HAUL,WEEKDAY,COMPLETED,NO_WEATHER_IMPACT,1,2025-11-27
6,1277,N942DN,1620,1619,9,1628,96,88,74,425,1642,5,1656,1647,2015,1,10,-1,-9,0,0,DL,ATL,MSY,NONE,0.00000,0.00000,0.00000,0.00000,0.00000,-10,2025-11-27 05:45:15.100 -0800,NO_DELAY,SHORT_HAUL,WEEKDAY,COMPLETED,NO_WEATHER_IMPACT,1,2025-11-27
6,1528,N944DN,1620,1617,7,1624,165,141,130,907,1734,4,1805,1738,2015,1,10,-3,-27,0,0,DL,ATL,MSP,NONE,0.00000,0.00000,0.00000,0.00000,0.00000,-30,2025-11-27 05:45:15.100 -0800,NO_DELAY,MEDIUM_HAUL,WEEKDAY,COMPLETED,NO_WEATHER_IMPACT,1,2025-11-27
6,1938,N958DN,1620,1620,9,1629,102,81,69,547,1738,3,1802,1741,2015,1,10,0,-21,0,0,DL,ATL,DCA,NONE,0.00000,0.00000,0.00000,0.00000,0.00000,-21,2025-11-27 05:45:15.100 -0800,NO_DELAY,MEDIUM_HAUL,WEEKDAY,COMPLETED,NO_WEATHER_IMPACT,1,2025-11-27
6,1956,N320NB,1620,1620,14,1634,67,57,40,240,1614,3,1627,1617,2015,1,10,0,-10,0,0,DL,ATL,ECP,NONE,0.00000,0.00000,0.00000,0.00000,0.00000,-10,2025-11-27 05:45:15.100 -0800,NO_DELAY,SHORT_HAUL,WEEKDAY,COMPLETED,NO_WEATHER_IMPACT,1,2025-11-27
6,4729,N14177,1620,1623,12,1635,144,132,115,864,1930,5,1944,1935,2015,1,10,3,-9,0,0,EV,ORD,JAX,NONE,0.00000,0.00000,0.00000,0.00000,0.00000,-6,2025-11-27 05:45:15.100 -0800,NO_DELAY,MEDIUM_HAUL,WEEKDAY,COMPLETED,NO_WEATHER_IMPACT,1,2025-11-27
6,5552,N750EV,1620,1612,16,1628,131,121,98,549,1806,7,1831,1813,2015,1,10,-8,-18,0,0,EV,BDL,DTW,NONE,0.00000,0.00000,0.00000,0.00000,0.00000,-26,2025-11-27 05:45:15.100 -0800,NO_DELAY,MEDIUM_HAUL,WEEKDAY,COMPLETED,NO_WEATHER_IMPACT,1,2025-11-27
6,1322,N219FR,1620,1618,12,1630,170,153,136,901,1846,5,1910,1851,2015,1,10,-2,-19,0,0,F9,IAD,FLL,NONE,0.00000,0.00000,0.00000,0.00000,0.00000,-21,2025-11-27 05:45:15.100 -0800,NO_DELAY,MEDIUM_HAUL,WEEKDAY,COMPLETED,NO_WEATHER_IMPACT,1,2025-11-27
6,1111,N221FR,1620,1657,17,1714,145,145,119,895,1913,9,1845,1922,2015,1,10,37,37,0,0,F9,MCO,CLE,NONE,2.00000,0.00000,0.00000,35.00000,0.00000,74,2025-11-27 05:45:15.100 -0800,LONG,MEDIUM_HAUL,WEEKDAY,COMPLETED,NO_WEATHER_IMPACT,0,2025-11-27
6,1294,N908FR,1620,1607,15,1622,125,121,100,812,1902,6,1925,1908,2015,1,10,-13,-17,0,0,F9,DFW,CVG,NONE,0.00000,0.00000,0.00000,0.00000,0.00000,-30,2025-11-27 05:45:15.100 -0800,NO_DELAY,MEDIUM_HAUL,WEEKDAY,COMPLETED,NO_WEATHER_IMPACT,1,2025-11-27
6,3129,N614MQ,1620,1626,16,1642,108,105,85,641,1807,4,1808,1811,2015,1,10,6,3,0,0,MQ,DFW,VPS,NONE,0.00000,0.00000,0.00000,0.00000,0.00000,9,2025-11-27 05:45:15.100 -0800,SHORT,MEDIUM_HAUL,WEEKDAY,COMPLETED,NO_WEATHER_IMPACT,0,2025-11-27
6,3140,N524MQ,1620,1721,9,1730,131,113,102,701,1812,2,1731,1814,2015,1,10,61,43,0,0,MQ,DFW,ASE,NONE,0.00000,0.00000,39.00000,4.00000,0.00000,104,2025-11-27 05:45:15.100 -0800,LONG,MEDIUM_HAUL,WEEKDAY,COMPLETED,NO_WEATHER_IMPACT,0,2025-11-27
6,3100,N847MQ,1620,,,,55,,,108,,,1715,,2015,1,10,,,1,0,MQ,MSN,ORD,C,0.00000,0.00000,0.00000,0.00000,0.00000,,2025-11-27 05:45:15.100 -0800,LONG,SHORT_HAUL,WEEKDAY,CANCELLED,NO_WEATHER_IMPACT,0,2025-11-27
6,3327,N6EAMQ,1620,1616,13,1629,75,81,65,354,1734,3,1735,1737,2015,1,10,-4,2,0,0,MQ,DFW,CRP,NONE,0.00000,0.00000,0.00000,0.00000,0.00000,-2,2025-11-27 05:45:15.100 -0800,NO_DELAY,SHORT_HAUL,WEEKDAY,COMPLETED,NO_WEATHER_IMPACT,1,2025-11-27
6,4234,N21130,1620,1623,15,1638,133,122,101,849,1919,6,1933,1925,2015,1,10,3,-8,0,0,EV,ORD,PVD,NONE,0.00000,0.00000,0.00000,0.00000,0.00000,-5,2025-11-27 05:45:15.100 -0800,NO_DELAY,MEDIUM_HAUL,WEEKDAY,COMPLETED,NO_WEATHER_IMPACT,1,2025-11-27
6,3619,N906MQ,1620,1616,14,1630,63,59,40,212,1710,5,1723,1715,2015,1,10,-4,-8,0,0,MQ,ORD,CWA,NONE,0.00000,0.00000,0.00000,0.00000,0.00000,-12,2025-11-27 05:45:15.100 -0800,NO_DELAY,SHORT_HAUL,WEEKDAY,COMPLETED,NO_WEATHER_IMPACT,1,2025-11-27
6,2589,N863AS,1620,1613,24,1637,65,71,44,266,1721,3,1725,1724,2015,1,10,-7,-1,0,0,OO,LAX,MRY,NONE,0.00000,0.00000,0.00000,0.00000,0.00000,-8,2025-11-27 05:45:15.100 -0800,NO_DELAY,SHORT_HAUL,WEEKDAY,COMPLETED,NO_WEATHER_IMPACT,1,2025-11-27
6,2732,N898SK,1620,1611,20,1631,93,92,64,455,1835,8,1853,1843,2015,1,10,-9,-10,0,0,OO,SBA,PHX,NONE,0.00000,0.00000,0.00000,0.00000,0.00000,-19,2025-11-27 05:45:15.100 -0800,NO_DELAY,SHORT_HAUL,WEEKDAY,COMPLETED,NO_WEATHER_IMPACT,1,2025-11-27
6,2714,N889AS,1620,1616,15,1631,49,49,30,110,1701,4,1709,1705,2015,1,10,-4,-4,0,0,OO,TUS,PHX,NONE,0.00000,0.00000,0.00000,0.00000,0.00000,-8,2025-11-27 05:45:15.100 -0800,NO_DELAY,SHORT_HAUL,WEEKDAY,COMPLETED,NO_WEATHER_IMPACT,1,2025-11-27
6,1664,N4XFAA,1621,1612,17,1629,71,71,47,247,1716,7,1732,1723,2015,1,10,-9,-9,0,0,AA,SAT,DFW,NONE,0.00000,0.00000,0.00000,0.00000,0.00000,-18,2025-11-27 05:45:15.100 -0800,NO_DELAY,SHORT_HAUL,WEEKDAY,COMPLETED,NO_WEATHER_IMPACT,1,2025-11-27
6,6172,N11547,1621,1624,8,1632,59,53,31,139,1703,14,1720,1717,2015,1,10,3,-3,0,0,EV,MLI,ORD,NONE,0.00000,0.00000,0.00000,0.00000,0.00000,0,2025-11-27 05:45:15.100 -0800,NO_DELAY,SHORT_HAUL,WEEKDAY,COMPLETED,NO_WEATHER_IMPACT,1,2025-11-27
6,142,N491HA,1621,1618,14,1632,51,54,35,216,1707,5,1712,1712,2015,1,10,-3,0,0,0,HA,HNL,ITO,NONE,0.00000,0.00000,0.00000,0.00000,0.00000,-3,2025-11-27 05:45:15.100 -0800,NO_DELAY,SHORT_HAUL,WEEKDAY,COMPLETED,NO_WEATHER_IMPACT,1,2025-11-27
6,3942,N11181,1622,1634,12,1646,114,117,95,531,1721,10,1716,1731,2015,1,10,12,15,0,0,EV,ROA,ORD,NONE,3.00000,0.00000,12.00000,0.00000,0.00000,27,2025-11-27 05:45:15.100 -0800,MEDIUM,MEDIUM_HAUL,WEEKDAY,COMPLETED,NO_WEATHER_IMPACT,0,2025-11-27
6,6454,N702BR,1623,1615,8,1623,72,55,44,192,1707,3,1735,1710,2015,1,10,-8,-25,0,0,OO,RNO,SFO,NONE,0.00000,0.00000,0.00000,0.00000,0.00000,-33,2025-11-27 05:45:15.100 -0800,NO_DELAY,SHORT_HAUL,WEEKDAY,COMPLETED,NO_WEATHER_IMPACT,1,2025-11-27
6,1527,N555NW,1623,1620,9,1629,109,94,83,581,1752,2,1812,1754,2015,1,10,-3,-18,0,0,DL,ATL,FLL,NONE,0.00000,0.00000,0.00000,0.00000,0.00000,-21,2025-11-27 05:45:15.100 -0800,NO_DELAY,MEDIUM_HAUL,WEEKDAY,COMPLETED,NO_WEATHER_IMPACT,1,2025-11-27
6,2004,N3764D,1623,1616,25,1641,113,119,88,590,1909,6,1916,1915,2015,1,10,-7,-1,0,0,DL,LAX,SLC,NONE,0.00000,0.00000,0.00000,0.00000,0.00000,-8,2025-11-27 05:45:15.100 -0800,NO_DELAY,MEDIUM_HAUL,WEEKDAY,COMPLETED,NO_WEATHER_IMPACT,1,2025-11-27
6,294,N487HA,1623,1651,5,1656,45,40,31,201,1727,4,1708,1731,2015,1,10,28,23,0,0,HA,LIH,OGG,NONE,0.00000,0.00000,0.00000,23.00000,0.00000,51,2025-11-27 05:45:15.100 -0800,MEDIUM,SHORT_HAUL,WEEKDAY,COMPLETED,NO_WEATHER_IMPACT,0,2025-11-27
6,5180,N779SK,1623,1614,21,1635,137,140,111,763,1726,8,1740,1734,2015,1,10,-9,-6,0,0,OO,HDN,LAX,NONE,0.00000,0.00000,0.00000,0.00000,0.00000,-15,2025-11-27 05:45:15.100 -0800,NO_DELAY,MEDIUM_HAUL,WEEKDAY,COMPLETED,NO_WEATHER_IMPACT,1,2025-11-27
6,2260,N137DL,1624,1636,11,1647,327,296,277,2139,1824,8,1851,1832,2015,1,10,12,-19,0,0,DL,ATL,SFO,NONE,0.00000,0.00000,0.00000,0.00000,0.00000,-7,2025-11-27 05:45:15.100 -0800,NO_DELAY,LONG_HAUL,WEEKDAY,COMPLETED,NO_WEATHER_IMPACT,1,2025-11-27
6,5513,N937EV,1624,1620,14,1634,54,49,31,192,1705,4,1718,1709,2015,1,10,-4,-9,0,0,EV,ATL,CAE,NONE,0.00000,0.00000,0.00000,0.00000,0.00000,-13,2025-11-27 05:45:15.100 -0800,NO_DELAY,SHORT_HAUL,WEEKDAY,COMPLETED,NO_WEATHER_IMPACT,1,2025-11-27
6,1791,N173US,1625,1616,21,1637,100,100,76,507,1753,3,1805,1756,2015,1,10,-9,-9,0,0,US,CLT,TPA,NONE,0.00000,0.00000,0.00000,0.00000,0.00000,-18,2025-11-27 05:45:15.100 -0800,NO_DELAY,MEDIUM_HAUL,WEEKDAY,COMPLETED,NO_WEATHER_IMPACT,1,2025-11-27
6,1802,N753US,1625,1620,17,1637,127,123,99,651,1716,7,1732,1723,2015,1,10,-5,-9,0,0,US,CLT,MSY,NONE,0.00000,0.00000,0.00000,0.00000,0.00000,-14,2025-11-27 05:45:15.100 -0800,NO_DELAY,MEDIUM_HAUL,WEEKDAY,COMPLETED,NO_WEATHER_IMPACT,1,2025-11-27
6,1875,N801AW,1625,1622,18,1640,113,106,83,590,1803,5,1818,1808,2015,1,10,-3,-10,0,0,US,CLT,PBI,NONE,0.00000,0.00000,0.00000,0.00000,0.00000,-13,2025-11-27 05:45:15.100 -0800,NO_DELAY,MEDIUM_HAUL,WEEKDAY,COMPLETED,NO_WEATHER_IMPACT,1,2025-11-27
6,494,N554UW,1625,1640,17,1657,83,79,54,370,1851,8,1848,1859,2015,1,10,15,11,0,0,US,LAX,PHX,NONE,0.00000,0.00000,0.00000,0.00000,0.00000,26,2025-11-27 05:45:15.100 -0800,MEDIUM,SHORT_HAUL,WEEKDAY,COMPLETED,NO_WEATHER_IMPACT,0,2025-11-27
6,3589,N8614M,1625,1626,13,1639,140,159,131,717,1750,15,1745,1805,2015,1,10,1,20,0,0,WN,ALB,MDW,NONE,20.00000,0.00000,0.00000,0.00000,0.00000,21,2025-11-27 05:45:15.100 -0800,MEDIUM,MEDIUM_HAUL,WEEKDAY,COMPLETED,NO_WEATHER_IMPACT,0,2025-11-27
6,2821,N405WN,1625,1709,11,1720,155,164,129,972,1929,24,1900,1953,2015,1,10,44,53,0,0,WN,AUS,MDW,NONE,9.00000,0.00000,0.00000,44.00000,0.00000,97,2025-11-27 05:45:15.100 -0800,LONG,MEDIUM_HAUL,WEEKDAY,COMPLETED,NO_WEATHER_IMPACT,0,2025-11-27
6,1080,N8319F,1625,1644,9,1653,105,104,88,616,1921,7,1910,1928,2015,1,10,19,18,0,0,WN,BNA,MCO,NONE,0.00000,0.00000,0.00000,18.00000,0.00000,37,2025-11-27 05:45:15.100 -0800,MEDIUM,MEDIUM_HAUL,WEEKDAY,COMPLETED,NO_WEATHER_IMPACT,0,2025-11-27
6,2445,N7711N,1625,1622,13,1635,100,83,66,369,1741,4,1805,1745,2015,1,10,-3,-20,0,0,WN,BOS,BWI,NONE,0.00000,0.00000,0.00000,0.00000,0.00000,-23,2025-11-27 05:45:15.100 -0800,NO_DELAY,SHORT_HAUL,WEEKDAY,COMPLETED,NO_WEATHER_IMPACT,1,2025-11-27
6,4150,N757LV,1625,1636,26,1702,315,325,294,1986,1856,5,1840,1901,2015,1,10,11,21,0,0,WN,BUF,LAS,NONE,10.00000,0.00000,4.00000,7.00000,0.00000,32,2025-11-27 05:45:15.100 -0800,MEDIUM,LONG_HAUL,WEEKDAY,COMPLETED,NO_WEATHER_IMPACT,0,2025-11-27
6,2970,N8640D,1625,1633,10,1643,105,103,88,601,1711,5,1710,1716,2015,1,10,8,6,0,0,WN,PHX,RNO,NONE,0.00000,0.00000,0.00000,0.00000,0.00000,14,2025-11-27 05:45:15.100 -0800,SHORT,MEDIUM_HAUL,WEEKDAY,COMPLETED,NO_WEATHER_IMPACT,0,2025-11-27
6,3802,N466WN,1625,1628,8,1636,185,168,155,1107,1811,5,1830,1816,2015,1,10,3,-14,0,0,WN,PHX,SEA,NONE,0.00000,0.00000,0.00000,0.00000,0.00000,-11,2025-11-27 05:45:15.100 -0800,NO_DELAY,MEDIUM_HAUL,WEEKDAY,COMPLETED,NO_WEATHER_IMPACT,1,2025-11-27
6,3885,N740SW,1625,1703,13,1716,155,145,128,1099,2124,4,2100,2128,2015,1,10,38,28,0,0,WN,LAS,OMA,NONE,0.00000,0.00000,28.00000,0.00000,0.00000,66,2025-11-27 05:45:15.100 -0800,LONG,MEDIUM_HAUL,WEEKDAY,COMPLETED,NO_WEATHER_IMPACT,0,2025-11-27
6,3311,N7734H,1625,1622,18,1640,60,66,43,226,1723,5,1725,1728,2015,1,10,-3,3,0,0,WN,LAS,SNA,NONE,0.00000,0.00000,0.00000,0.00000,0.00000,0,2025-11-27 05:45:15.100 -0800,NO_DELAY,SHORT_HAUL,WEEKDAY,COMPLETED,NO_WEATHER_IMPACT,1,2025-11-27
6,2669,N7814B,1625,1658,10,1708,235,222,206,1482,1834,6,1820,1840,2015,1,10,33,20,0,0,WN,MCI,PDX,NONE,0.00000,0.00000,0.00000,20.00000,0.00000,53,2025-11-27 05:45:15.100 -0800,MEDIUM,MEDIUM_HAUL,WEEKDAY,COMPLETED,NO_WEATHER_IMPACT,0,2025-11-27
6,4510,N432WN,1625,1701,22,1723,80,91,62,395,1825,7,1745,1832,2015,1,10,36,47,0,0,WN,MDW,BNA,NONE,11.00000,0.00000,36.00000,0.00000,0.00000,83,2025-11-27 05:45:15.100 -0800,LONG,SHORT_HAUL,WEEKDAY,COMPLETED,NO_WEATHER_IMPACT,0,2025-11-27
6,4496,N651SW,1625,1621,9,1630,110,94,79,668,1849,6,1915,1855,2015,1,10,-4,-20,0,0,WN,MDW,PHL,NONE,0.00000,0.00000,0.00000,0.00000,0.00000,-24,2025-11-27 05:45:15.100 -0800,NO_DELAY,MEDIUM_HAUL,WEEKDAY,COMPLETED,NO_WEATHER_IMPACT,1,2025-11-27
6,3720,N8618N,1625,1625,23,1648,110,117,89,468,1717,5,1715,1722,2015,1,10,0,7,0,0,WN,BUF,MDW,NONE,0.00000,0.00000,0.00000,0.00000,0.00000,7,2025-11-27 05:45:15.100 -0800,SHORT,SHORT_HAUL,WEEKDAY,COMPLETED,NO_WEATHER_IMPACT,0,2025-11-27
6,4082,N938WN,1625,1627,12,1639,130,130,110,611,1729,8,1735,1737,2015,1,10,2,2,0,0,WN,BWI,MDW,NONE,0.00000,0.00000,0.00000,0.00000,0.00000,4,2025-11-27 05:45:15.100 -0800,SHORT,MEDIUM_HAUL,WEEKDAY,COMPLETED,NO_WEATHER_IMPACT,0,2025-11-27
6,2644,N453WN,1625,1639,11,1650,100,90,72,447,1802,7,1805,1809,2015,1,10,14,4,0,0,WN,CMH,ATL,NONE,0.00000,0.00000,0.00000,0.00000,0.00000,18,2025-11-27 05:45:15.100 -0800,MEDIUM,SHORT_HAUL,WEEKDAY,COMPLETED,NO_WEATHER_IMPACT,0,2025-11-27
6,2552,N428WN,1625,1633,9,1642,70,63,48,228,1630,6,1635,1636,2015,1,10,8,1,0,0,WN,DTW,MDW,NONE,0.00000,0.00000,0.00000,0.00000,0.00000,9,2025-11-27 05:45:15.100 -0800,SHORT,SHORT_HAUL,WEEKDAY,COMPLETED,NO_WEATHER_IMPACT,0,2025-11-27
6,4312,N8324A,1625,1641,9,1650,200,181,166,1235,1736,6,1745,1742,2015,1,10,16,-3,0,0,WN,HOU,LAS,NONE,0.00000,0.00000,0.00000,0.00000,0.00000,13,2025-11-27 05:45:15.100 -0800,SHORT,MEDIUM_HAUL,WEEKDAY,COMPLETED,NO_WEATHER_IMPACT,0,2025-11-27
6,2653,N444WN,1625,1657,9,1706,80,80,63,397,1809,8,1745,1817,2015,1,10,32,32,0,0,WN,SMF,LAS,NONE,0.00000,0.00000,0.00000,32.00000,0.00000,64,2025-11-27 05:45:15.100 -0800,LONG,SHORT_HAUL,WEEKDAY,COMPLETED,NO_WEATHER_IMPACT,0,2025-11-27
6,2608,N8646B,1625,1627,9,1636,210,187,174,1262,1830,4,1855,1834,2015,1,10,2,-21,0,0,WN,STL,PHX,NONE,0.00000,0.00000,0.00000,0.00000,0.00000,-19,2025-11-27 05:45:15.100 -0800,NO_DELAY,MEDIUM_HAUL,WEEKDAY,COMPLETED,NO_WEATHER_IMPACT,1,2025-11-27
6,297,N5DHAA,1625,1616,24,1640,369,362,332,2556,2012,6,2034,2018,2015,1,10,-9,-16,0,0,AA,LAX,HNL,NONE,0.00000,0.00000,0.00000,0.00000,0.00000,-25,2025-11-27 05:45:15.100 -0800,NO_DELAY,LONG_HAUL,WEEKDAY,COMPLETED,NO_WEATHER_IMPACT,1,2025-11-27
6,1385,N490AA,1625,1621,12,1633,119,117,99,761,1912,6,1924,1918,2015,1,10,-4,-6,0,0,AA,DFW,IND,NONE,0.00000,0.00000,0.00000,0.00000,0.00000,-10,2025-11-27 05:45:15.100 -0800,NO_DELAY,MEDIUM_HAUL,WEEKDAY,COMPLETED,NO_WEATHER_IMPACT,1,2025-11-27
6,1149,N555AA,1625,1624,20,1644,230,213,190,1438,1754,3,1815,1757,2015,1,10,-1,-18,0,0,AA,DFW,SJC,NONE,0.00000,0.00000,0.00000,0.00000,0.00000,-19,2025-11-27 05:45:15.100 -0800,NO_DELAY,MEDIUM_HAUL,WEEKDAY,COMPLETED,NO_WEATHER_IMPACT,1,2025-11-27
6,1576,N3EPAA,1625,1621,18,1639,79,74,49,338,1828,7,1844,1835,2015,1,10,-4,-9,0,0,AA,SNA,PHX,NONE,0.00000,0.00000,0.00000,0.00000,0.00000,-13,2025-11-27 05:45:15.100 -0800,NO_DELAY,SHORT_HAUL,WEEKDAY,COMPLETED,NO_WEATHER_IMPACT,1,2025-11-27
6,1591,N3FCAA,1625,1628,11,1639,266,231,216,1660,1815,4,1851,1819,2015,1,10,3,-32,0,0,AA,DFW,SEA,NONE,0.00000,0.00000,0.00000,0.00000,0.00000,-29,2025-11-27 05:45:15.100 -0800,NO_DELAY,LONG_HAUL,WEEKDAY,COMPLETED,NO_WEATHER_IMPACT,1,2025-11-27
6,2399,N501AA,1625,1621,12,1633,66,68,44,224,1717,12,1731,1729,2015,1,10,-4,-2,0,0,AA,DFW,IAH,NONE,0.00000,0.00000,0.00000,0.00000,0.00000,-6,2025-11-27 05:45:15.100 -0800,NO_DELAY,SHORT_HAUL,WEEKDAY,COMPLETED,NO_WEATHER_IMPACT,1,2025-11-27
6,858,N530AS,1625,1620,8,1628,320,293,281,2541,2309,4,2345,2313,2015,1,10,-5,-32,0,0,AS,OGG,SAN,NONE,0.00000,0.00000,0.00000,0.00000,0.00000,-37,2025-11-27 05:45:15.100 -0800,NO_DELAY,LONG_HAUL,WEEKDAY,COMPLETED,NO_WEATHER_IMPACT,1,2025-11-27
6,392,N304JB,1625,1628,8,1636,174,161,148,1185,1904,5,1919,1909,2015,1,10,3,-10,0,0,B6,TPA,BOS,NONE,0.00000,0.00000,0.00000,0.00000,0.00000,-7,2025-11-27 05:45:15.100 -0800,NO_DELAY,MEDIUM_HAUL,WEEKDAY,COMPLETED,NO_WEATHER_IMPACT,1,2025-11-27
6,1198,N565JB,1625,1629,13,1642,152,141,123,950,1845,5,1857,1850,2015,1,10,4,-7,0,0,B6,MCO,LGA,NONE,0.00000,0.00000,0.00000,0.00000,0.00000,-3,2025-11-27 05:45:15.100 -0800,NO_DELAY,MEDIUM_HAUL,WEEKDAY,COMPLETED,NO_WEATHER_IMPACT,1,2025-11-27
6,1027,N348JB,1625,1719,11,1730,95,83,67,369,1837,5,1800,1842,2015,1,10,54,42,0,0,B6,BOS,BWI,NONE,0.00000,0.00000,42.00000,0.00000,0.00000,96,2025-11-27 05:45:15.100 -0800,LONG,SHORT_HAUL,WEEKDAY,COMPLETED,NO_WEATHER_IMPACT,0,2025-11-27
6,2143,N525US,1625,1627,12,1639,277,256,235,1747,1734,9,1802,1743,2015,1,10,2,-19,0,0,DL,ATL,LAS,NONE,0.00000,0.00000,0.00000,0.00000,0.00000,-17,2025-11-27 05:45:15.100 -0800,NO_DELAY,LONG_HAUL,WEEKDAY,COMPLETED,NO_WEATHER_IMPACT,1,2025-11-27
6,768,N523US,1625,1621,10,1631,114,114,89,545,1800,15,1819,1815,2015,1,10,-4,-4,0,0,DL,PBI,ATL,NONE,0.00000,0.00000,0.00000,0.00000,0.00000,-8,2025-11-27 05:45:15.100 -0800,NO_DELAY,MEDIUM_HAUL,WEEKDAY,COMPLETED,NO_WEATHER_IMPACT,1,2025-11-27
6,1053,N965DN,1625,1625,14,1639,109,97,79,545,1758,4,1814,1802,2015,1,10,0,-12,0,0,DL,ATL,PBI,NONE,0.00000,0.00000,0.00000,0.00000,0.00000,-12,2025-11-27 05:45:15.100 -0800,NO_DELAY,MEDIUM_HAUL,WEEKDAY,COMPLETED,NO_WEATHER_IMPACT,1,2025-11-27
6,1158,N616DL,1625,1730,23,1753,297,275,244,1931,1957,8,1922,2005,2015,1,10,65,43,0,0,DL,MCO,SLC,NONE,0.00000,0.00000,17.00000,26.00000,0.00000,108,2025-11-27 05:45:15.100 -0800,LONG,LONG_HAUL,WEEKDAY,COMPLETED,NO_WEATHER_IMPACT,0,2025-11-27
6,1457,N385DN,1625,1625,14,1639,112,110,88,689,1907,8,1917,1915,2015,1,10,0,-2,0,0,DL,SEA,SLC,NONE,0.00000,0.00000,0.00000,0.00000,0.00000,-2,2025-11-27 05:45:15.100 -0800,NO_DELAY,MEDIUM_HAUL,WEEKDAY,COMPLETED,NO_WEATHER_IMPACT,1,2025-11-27
4,98,N407AS,0005,2354,21,0015,205,194,169,1448,0404,4,0430,0408,2015,1,1,-11,-22,0,0,AS,ANC,SEA,NONE,0.00000,0.00000,0.00000,0.00000,0.00000,-33,2025-11-27 05:45:15.100 -0800,NO_DELAY,MEDIUM_HAUL,WEEKDAY,COMPLETED,NO_WEATHER_IMPACT,1,2025-11-27
4,2336,N3KUAA,0010,0002,12,0014,280,279,263,2330,0737,4,0750,0741,2015,1,1,-8,-9,0,0,AA,LAX,PBI,NONE,0.00000,0.00000,0.00000,0.00000,0.00000,-17,2025-11-27 05:45:15.100 -0800,NO_DELAY,LONG_HAUL,WEEKDAY,COMPLETED,NO_WEATHER_IMPACT,1,2025-11-27
4,840,N171US,0020,0018,16,0034,286,293,266,2296,0800,11,0806,0811,2015,1,1,-2,5,0,0,US,SFO,CLT,NONE,0.00000,0.00000,0.00000,0.00000,0.00000,3,2025-11-27 05:45:15.100 -0800,SHORT,LONG_HAUL,WEEKDAY,COMPLETED,NO_WEATHER_IMPACT,0,2025-11-27
4,258,N3HYAA,0020,0015,15,0030,285,281,258,2342,0748,8,0805,0756,2015,1,1,-5,-9,0,0,AA,LAX,MIA,NONE,0.00000,0.00000,0.00000,0.00000,0.00000,-14,2025-11-27 05:45:15.100 -0800,NO_DELAY,LONG_HAUL,WEEKDAY,COMPLETED,NO_WEATHER_IMPACT,1,2025-11-27
4,135,N527AS,0025,0024,11,0035,235,215,199,1448,0254,5,0320,0259,2015,1,1,-1,-21,0,0,AS,SEA,ANC,NONE,0.00000,0.00000,0.00000,0.00000,0.00000,-22,2025-11-27 05:45:15.100 -0800,NO_DELAY,MEDIUM_HAUL,WEEKDAY,COMPLETED,NO_WEATHER_IMPACT,1,2025-11-27
4,806,N3730B,0025,0020,18,0038,217,230,206,1589,0604,6,0602,0610,2015,1,1,-5,8,0,0,DL,SFO,MSP,NONE,0.00000,0.00000,0.00000,0.00000,0.00000,3,2025-11-27 05:45:15.100 -0800,SHORT,LONG_HAUL,WEEKDAY,COMPLETED,NO_WEATHER_IMPACT,0,2025-11-27
4,612,N635NK,0025,0019,11,0030,181,170,154,1299,0504,5,0526,0509,2015,1,1,-6,-17,0,0,NK,LAS,MSP,NONE,0.00000,0.00000,0.00000,0.00000,0.00000,-23,2025-11-27 05:45:15.100 -0800,NO_DELAY,MEDIUM_HAUL,WEEKDAY,COMPLETED,NO_WEATHER_IMPACT,1,2025-11-27
4,2013,N584UW,0030,0044,13,0057,273,249,228,2125,0745,8,0803,0753,2015,1,1,14,-10,0,0,US,LAX,CLT,NONE,0.00000,0.00000,0.00000,0.00000,0.00000,4,2025-11-27 05:45:15.100 -0800,SHORT,LONG_HAUL,WEEKDAY,COMPLETED,NO_WEATHER_IMPACT,0,2025-11-27
4,1112,N3LAAA,0030,0019,17,0036,195,193,173,1464,0529,3,0545,0532,2015,1,1,-11,-13,0,0,AA,SFO,DFW,NONE,0.00000,0.00000,0.00000,0.00000,0.00000,-24,2025-11-27 05:45:15.100 -0800,NO_DELAY,MEDIUM_HAUL,WEEKDAY,COMPLETED,NO_WEATHER_IMPACT,1,2025-11-27
4,1173,N826DN,0030,0033,12,0045,221,203,186,1747,0651,5,0711,0656,2015,1,1,3,-15,0,0,DL,LAS,ATL,NONE,0.00000,0.00000,0.00000,0.00000,0.00000,-12,2025-11-27 05:45:15.100 -0800,NO_DELAY,LONG_HAUL,WEEKDAY,COMPLETED,NO_WEATHER_IMPACT,1,2025-11-27
4,2336,N958DN,0030,0024,12,0036,173,149,133,1199,0449,4,0523,0453,2015,1,1,-6,-30,0,0,DL,DEN,ATL,NONE,0.00000,0.00000,0.00000,0.00000,0.00000,-36,2025-11-27 05:45:15.100 -0800,NO_DELAY,MEDIUM_HAUL,WEEKDAY,COMPLETED,NO_WEATHER_IMPACT,1,2025-11-27
4,1674,N853AA,0035,0027,21,0048,268,266,238,2174,0746,7,0803,0753,2015,1,1,-8,-10,0,0,AA,LAS,MIA,NONE,0.00000,0.00000,0.00000,0.00000,0.00000,-18,2025-11-27 05:45:15.100 -0800,NO_DELAY,LONG_HAUL,WEEKDAY,COMPLETED,NO_WEATHER_IMPACT,1,2025-11-27
4,1434,N547US,0035,0035,18,0053,214,210,188,1535,0601,4,0609,0605,2015,1,1,0,-4,0,0,DL,LAX,MSP,NONE,0.00000,0.00000,0.00000,0.00000,0.00000,-4,2025-11-27 05:45:15.100 -0800,NO_DELAY,LONG_HAUL,WEEKDAY,COMPLETED,NO_WEATHER_IMPACT,1,2025-11-27
4,2324,N3751B,0040,0034,18,0052,215,199,176,1590,0548,5,0615,0553,2015,1,1,-6,-22,0,0,DL,SLC,ATL,NONE,0.00000,0.00000,0.00000,0.00000,0.00000,-28,2025-11-27 05:45:15.100 -0800,NO_DELAY,LONG_HAUL,WEEKDAY,COMPLETED,NO_WEATHER_IMPACT,1,2025-11-27
4,2440,N651DL,0040,0039,28,0107,189,198,166,1399,0553,4,0549,0557,2015,1,1,-1,8,0,0,DL,SEA,MSP,NONE,0.00000,0.00000,0.00000,0.00000,0.00000,7,2025-11-27 05:45:15.100 -0800,SHORT,MEDIUM_HAUL,WEEKDAY,COMPLETED,NO_WEATHER_IMPACT,0,2025-11-27
4,108,N309AS,0045,0041,17,0058,204,194,173,1448,0451,4,0509,0455,2015,1,1,-4,-14,0,0,AS,ANC,SEA,NONE,0.00000,0.00000,0.00000,0.00000,0.00000,-18,2025-11-27 05:45:15.100 -0800,NO_DELAY,MEDIUM_HAUL,WEEKDAY,COMPLETED,NO_WEATHER_IMPACT,1,2025-11-27
4,1560,N3743H,0045,0031,25,0056,210,200,171,1448,0447,4,0515,0451,2015,1,1,-14,-24,0,0,DL,ANC,SEA,NONE,0.00000,0.00000,0.00000,0.00000,0.00000,-38,2025-11-27 05:45:15.100 -0800,NO_DELAY,MEDIUM_HAUL,WEEKDAY,COMPLETED,NO_WEATHER_IMPACT,1,2025-11-27
4,1197,N78448,0048,0042,11,0053,218,217,199,1635,0612,7,0626,0619,2015,1,1,-6,-7,0,0,UA,SFO,IAH,NONE,0.00000,0.00000,0.00000,0.00000,0.00000,-13,2025-11-27 05:45:15.100 -0800,NO_DELAY,LONG_HAUL,WEEKDAY,COMPLETED,NO_WEATHER_IMPACT,1,2025-11-27
4,122,N413AS,0050,0046,11,0057,215,201,187,1542,0504,3,0525,0507,2015,1,1,-4,-18,0,0,AS,ANC,PDX,NONE,0.00000,0.00000,0.00000,0.00000,0.00000,-22,2025-11-27 05:45:15.100 -0800,NO_DELAY,LONG_HAUL,WEEKDAY,COMPLETED,NO_WEATHER_IMPACT,1,2025-11-27
4,1670,N806DN,0050,0045,9,0054,193,186,171,1426,0545,6,0603,0551,2015,1,1,-5,-12,0,0,DL,PDX,MSP,NONE,0.00000,0.00000,0.00000,0.00000,0.00000,-17,2025-11-27 05:45:15.100 -0800,NO_DELAY,MEDIUM_HAUL,WEEKDAY,COMPLETED,NO_WEATHER_IMPACT,1,2025-11-27
4,520,N525NK,0055,0120,11,0131,162,143,128,1139,0539,4,0537,0543,2015,1,1,25,6,0,0,NK,LAS,MCI,NONE,0.00000,0.00000,0.00000,0.00000,0.00000,31,2025-11-27 05:45:15.100 -0800,MEDIUM,MEDIUM_HAUL,WEEKDAY,COMPLETED,NO_WEATHER_IMPACT,0,2025-11-27
4,371,N3GXAA,0100,0052,30,0122,338,347,311,2724,0933,6,0938,0939,2015,1,1,-8,1,0,0,AA,SEA,MIA,NONE,0.00000,0.00000,0.00000,0.00000,0.00000,-7,2025-11-27 05:45:15.100 -0800,NO_DELAY,LONG_HAUL,WEEKDAY,COMPLETED,NO_WEATHER_IMPACT,1,2025-11-27
4,214,N632NK,0103,0102,13,0115,147,147,128,1055,0523,6,0530,0529,2015,1,1,-1,-1,0,0,NK,LAS,DFW,NONE,0.00000,0.00000,0.00000,0.00000,0.00000,-2,2025-11-27 05:45:15.100 -0800,NO_DELAY,MEDIUM_HAUL,WEEKDAY,COMPLETED,NO_WEATHER_IMPACT,1,2025-11-27
4,115,N3CTAA,0105,0103,14,0117,286,276,255,2342,0832,7,0851,0839,2015,1,1,-2,-12,0,0,AA,LAX,MIA,NONE,0.00000,0.00000,0.00000,0.00000,0.00000,-14,2025-11-27 05:45:15.100 -0800,NO_DELAY,LONG_HAUL,WEEKDAY,COMPLETED,NO_WEATHER_IMPACT,1,2025-11-27
4,1450,N671DN,0105,0102,11,0113,183,163,150,1299,0543,2,0608,0545,2015,1,1,-3,-23,0,0,DL,LAS,MSP,NONE,0.00000,0.00000,0.00000,0.00000,0.00000,-26,2025-11-27 05:45:15.100 -0800,NO_DELAY,MEDIUM_HAUL,WEEKDAY,COMPLETED,NO_WEATHER_IMPACT,1,2025-11-27
4,1545,N76517,0115,0112,11,0123,183,175,156,1379,0559,8,0618,0607,2015,1,1,-3,-11,0,0,UA,LAX,IAH,NONE,0.00000,0.00000,0.00000,0.00000,0.00000,-14,2025-11-27 05:45:15.100 -0800,NO_DELAY,MEDIUM_HAUL,WEEKDAY,COMPLETED,NO_WEATHER_IMPACT,1,2025-11-27
4,130,N457AS,0115,0107,25,0132,213,218,186,1533,0538,7,0548,0545,2015,1,1,-8,-3,0,0,AS,FAI,SEA,NONE,0.00000,0.00000,0.00000,0.00000,0.00000,-11,2025-11-27 05:45:15.100 -0800,NO_DELAY,LONG_HAUL,WEEKDAY,COMPLETED,NO_WEATHER_IMPACT,1,2025-11-27
4,597,N528NK,0115,0127,14,0141,207,220,166,1487,0527,40,0542,0607,2015,1,1,12,25,0,0,NK,MSP,FLL,NONE,25.00000,0.00000,0.00000,0.00000,0.00000,37,2025-11-27 05:45:15.100 -0800,MEDIUM,MEDIUM_HAUL,WEEKDAY,COMPLETED,NO_WEATHER_IMPACT,0,2025-11-27
4,413,N571UW,0120,0110,12,0122,245,224,205,1916,0747,7,0825,0754,2015,1,1,-10,-31,0,0,US,LAS,CLT,NONE,0.00000,0.00000,0.00000,0.00000,0.00000,-41,2025-11-27 05:45:15.100 -0800,NO_DELAY,LONG_HAUL,WEEKDAY,COMPLETED,NO_WEATHER_IMPACT,1,2025-11-27
4,2392,N3HRAA,0120,0141,12,0153,227,208,188,1709,0701,8,0707,0709,2015,1,1,21,2,0,0,AA,DEN,MIA,NONE,0.00000,0.00000,0.00000,0.00000,0.00000,23,2025-11-27 05:45:15.100 -0800,MEDIUM,LONG_HAUL,WEEKDAY,COMPLETED,NO_WEATHER_IMPACT,0,2025-11-27
4,168,N629NK,0125,0237,9,0246,204,175,156,1440,0622,10,0549,0632,2015,1,1,72,43,0,0,NK,PHX,ORD,NONE,43.00000,0.00000,0.00000,0.00000,0.00000,115,2025-11-27 05:45:15.100 -0800,LONG,MEDIUM_HAUL,WEEKDAY,COMPLETED,NO_WEATHER_IMPACT,0,2025-11-27
4,2211,N3CGAA,0127,0116,10,0126,239,234,217,1972,0703,7,0726,0710,2015,1,1,-11,-16,0,0,AA,PHX,MIA,NONE,0.00000,0.00000,0.00000,0.00000,0.00000,-27,2025-11-27 05:45:15.100 -0800,NO_DELAY,LONG_HAUL,WEEKDAY,COMPLETED,NO_WEATHER_IMPACT,1,2025-11-27
4,136,N431AS,0135,,,,205,,,1448,,,0600,,2015,1,1,,,1,0,AS,ANC,SEA,A,0.00000,0.00000,0.00000,0.00000,0.00000,,2025-11-27 05:45:15.100 -0800,LONG,MEDIUM_HAUL,WEEKDAY,CANCELLED,NO_WEATHER_IMPACT,0,2025-11-27
4,95,N320US,0140,0134,43,0217,215,231,182,1590,0719,6,0715,0725,2015,1,1,-6,10,0,0,DL,SLC,ATL,NONE,0.00000,0.00000,0.00000,0.00000,0.00000,4,2025-11-27 05:45:15.100 -0800,SHORT,LONG_HAUL,WEEKDAY,COMPLETED,NO_WEATHER_IMPACT,0,2025-11-27
4,298,N514NK,0144,0140,10,0150,170,170,148,1222,0618,12,0634,0630,2015,1,1,-4,-4,0,0,NK,LAS,IAH,NONE,0.00000,0.00000,0.00000,0.00000,0.00000,-8,2025-11-27 05:45:15.100 -0800,NO_DELAY,MEDIUM_HAUL,WEEKDAY,COMPLETED,NO_WEATHER_IMPACT,1,2025-11-27
4,17,N389HA,0145,0145,16,0201,370,385,361,2762,0602,8,0555,0610,2015,1,1,0,15,0,0,HA,LAS,HNL,NONE,0.00000,0.00000,15.00000,0.00000,0.00000,15,2025-11-27 05:45:15.100 -0800,SHORT,LONG_HAUL,WEEKDAY,COMPLETED,NO_WEATHER_IMPACT,0,2025-11-27
4,617,N804AW,0152,0143,21,0204,323,322,298,2552,0902,3,0915,0905,2015,1,1,-9,-10,0,0,US,ANC,PHX,NONE,0.00000,0.00000,0.00000,0.00000,0.00000,-19,2025-11-27 05:45:15.100 -0800,NO_DELAY,LONG_HAUL,WEEKDAY,COMPLETED,NO_WEATHER_IMPACT,1,2025-11-27
4,1528,N76519,0154,0157,12,0209,255,241,220,1608,0449,9,0509,0458,2015,1,1,3,-11,0,0,UA,SJU,EWR,NONE,0.00000,0.00000,0.00000,0.00000,0.00000,-8,2025-11-27 05:45:15.100 -0800,NO_DELAY,LONG_HAUL,WEEKDAY,COMPLETED,NO_WEATHER_IMPACT,1,2025-11-27
4,134,N464AS,0155,0140,17,0157,218,198,170,1448,0547,11,0633,0558,2015,1,1,-15,-35,0,0,AS,ANC,SEA,NONE,0.00000,0.00000,0.00000,0.00000,0.00000,-50,2025-11-27 05:45:15.100 -0800,NO_DELAY,MEDIUM_HAUL,WEEKDAY,COMPLETED,NO_WEATHER_IMPACT,1,2025-11-27
4,304,N607JB,0155,0153,12,0205,235,248,231,1598,0456,5,0450,0501,2015,1,1,-2,11,0,0,B6,SJU,JFK,NONE,0.00000,0.00000,0.00000,0.00000,0.00000,9,2025-11-27 05:45:15.100 -0800,SHORT,LONG_HAUL,WEEKDAY,COMPLETED,NO_WEATHER_IMPACT,0,2025-11-27
4,451,N633NK,0155,0139,10,0149,208,191,174,1334,0443,7,0523,0450,2015,1,1,-16,-33,0,0,NK,PBG,FLL,NONE,0.00000,0.00000,0.00000,0.00000,0.00000,-49,2025-11-27 05:45:15.100 -0800,NO_DELAY,MEDIUM_HAUL,WEEKDAY,COMPLETED,NO_WEATHER_IMPACT,1,2025-11-27
4,972,N606NK,0159,0158,11,0209,123,125,103,868,0452,11,0502,0503,2015,1,1,-1,1,0,0,NK,PHX,DFW,NONE,0.00000,0.00000,0.00000,0.00000,0.00000,0,2025-11-27 05:45:15.100 -0800,NO_DELAY,MEDIUM_HAUL,WEEKDAY,COMPLETED,NO_WEATHER_IMPACT,1,2025-11-27
4,2459,N3BDAA,0200,,,,120,,,868,,,0500,,2015,1,1,,,1,0,AA,PHX,DFW,B,0.00000,0.00000,0.00000,0.00000,0.00000,,2025-11-27 05:45:15.100 -0800,LONG,MEDIUM_HAUL,WEEKDAY,CANCELLED,NO_WEATHER_IMPACT,0,2025-11-27
4,144,N514AS,0200,0150,24,0214,210,209,182,1542,0616,3,0630,0619,2015,1,1,-10,-11,0,0,AS,ANC,PDX,NONE,0.00000,0.00000,0.00000,0.00000,0.00000,-21,2025-11-27 05:45:15.100 -0800,NO_DELAY,LONG_HAUL,WEEKDAY,COMPLETED,NO_WEATHER_IMPACT,1,2025-11-27
4,647,N630NK,0200,0155,21,0216,184,178,149,1176,0445,8,0504,0453,2015,1,1,-5,-11,0,0,NK,IAG,FLL,NONE,0.00000,0.00000,0.00000,0.00000,0.00000,-16,2025-11-27 05:45:15.100 -0800,NO_DELAY,MEDIUM_HAUL,WEEKDAY,COMPLETED,NO_WEATHER_IMPACT,1,2025-11-27
4,1990,N597JB,0206,0152,19,0211,246,264,239,1608,0510,6,0512,0516,2015,1,1,-14,4,0,0,B6,SJU,EWR,NONE,0.00000,0.00000,0.00000,0.00000,0.00000,-10,2025-11-27 05:45:15.100 -0800,NO_DELAY,LONG_HAUL,WEEKDAY,COMPLETED,NO_WEATHER_IMPACT,1,2025-11-27
4,699,N172US,0220,0209,10,0219,224,199,183,1773,0722,6,0804,0728,2015,1,1,-11,-36,0,0,US,PHX,CLT,NONE,0.00000,0.00000,0.00000,0.00000,0.00000,-47,2025-11-27 05:45:15.100 -0800,NO_DELAY,LONG_HAUL,WEEKDAY,COMPLETED,NO_WEATHER_IMPACT,1,2025-11-27
4,114,N303AS,0220,0209,15,0224,200,199,176,1448,0620,8,0640,0628,2015,1,1,-11,-12,0,0,AS,ANC,SEA,NONE,0.00000,0.00000,0.00000,0.00000,0.00000,-23,2025-11-27 05:45:15.100 -0800,NO_DELAY,MEDIUM_HAUL,WEEKDAY,COMPLETED,NO_WEATHER_IMPACT,1,2025-11-27
4,668,N653JB,0255,0248,10,0258,185,183,169,1179,0447,4,0500,0451,2015,1,1,-7,-9,0,0,B6,PSE,MCO,NONE,0.00000,0.00000,0.00000,0.00000,0.00000,-16,2025-11-27 05:45:15.100 -0800,NO_DELAY,MEDIUM_HAUL,WEEKDAY,COMPLETED,NO_WEATHER_IMPACT,1,2025-11-27
4,1162,N37293,0259,0258,14,0312,240,247,225,1585,0557,8,0559,0605,2015,1,1,-1,6,0,0,UA,BQN,EWR,NONE,0.00000,0.00000,0.00000,0.00000,0.00000,5,2025-11-27 05:45:15.100 -0800,SHORT,LONG_HAUL,WEEKDAY,COMPLETED,NO_WEATHER_IMPACT,0,2025-11-27
4,1030,N239JB,0307,0304,25,0329,173,196,160,1129,0509,11,0500,0520,2015,1,1,-3,20,0,0,B6,BQN,MCO,NONE,20.00000,0.00000,0.00000,0.00000,0.00000,17,2025-11-27 05:45:15.100 -0800,MEDIUM,MEDIUM_HAUL,WEEKDAY,COMPLETED,NO_WEATHER_IMPACT,0,2025-11-27
4,262,N627JB,0330,0316,14,0330,245,243,224,1674,0614,5,0635,0619,2015,1,1,-14,-16,0,0,B6,SJU,BOS,NONE,0.00000,0.00000,0.00000,0.00000,0.00000,-30,2025-11-27 05:45:15.100 -0800,NO_DELAY,LONG_HAUL,WEEKDAY,COMPLETED,NO_WEATHER_IMPACT,1,2025-11-27
4,2134,N307JB,0400,0535,9,0544,185,175,163,1189,0727,3,0605,0730,2015,1,1,95,85,0,0,B6,SJU,MCO,NONE,0.00000,0.00000,85.00000,0.00000,0.00000,180,2025-11-27 05:45:15.100 -0800,LONG,MEDIUM_HAUL,WEEKDAY,COMPLETED,NO_WEATHER_IMPACT,0,2025-11-27
4,730,N621JB,0419,0423,11,0434,174,163,148,1129,0602,4,0613,0606,2015,1,1,4,-7,0,0,B6,BQN,MCO,NONE,0.00000,0.00000,0.00000,0.00000,0.00000,-3,2025-11-27 05:45:15.100 -0800,NO_DELAY,MEDIUM_HAUL,WEEKDAY,COMPLETED,NO_WEATHER_IMPACT,1,2025-11-27
4,768,N317JB,0424,0413,24,0437,186,196,166,1179,0623,6,0630,0629,2015,1,1,-11,-1,0,0,B6,PSE,MCO,NONE,0.00000,0.00000,0.00000,0.00000,0.00000,-12,2025-11-27 05:45:15.100 -0800,NO_DELAY,MEDIUM_HAUL,WEEKDAY,COMPLETED,NO_WEATHER_IMPACT,1,2025-11-27
4,2276,N646JB,0438,0550,15,0605,241,258,237,1666,0902,6,0739,0908,2015,1,1,72,89,0,0,B6,SJU,BDL,NONE,17.00000,0.00000,72.00000,0.00000,0.00000,161,2025-11-27 05:45:15.100 -0800,LONG,LONG_HAUL,WEEKDAY,COMPLETED,NO_WEATHER_IMPACT,0,2025-11-27
4,602,N197UW,0500,0459,12,0511,228,232,214,1440,0745,6,0748,0751,2015,1,1,-1,3,0,0,US,ORD,PHX,NONE,0.00000,0.00000,0.00000,0.00000,0.00000,2,2025-11-27 05:45:15.100 -0800,SHORT,MEDIUM_HAUL,WEEKDAY,COMPLETED,NO_WEATHER_IMPACT,0,2025-11-27
4,695,N607AS,0500,0456,22,0518,70,74,39,224,0557,13,0610,0610,2015,1,1,-4,0,0,0,AS,GEG,SEA,NONE,0.00000,0.00000,0.00000,0.00000,0.00000,-4,2025-11-27 05:45:15.100 -0800,NO_DELAY,SHORT_HAUL,WEEKDAY,COMPLETED,NO_WEATHER_IMPACT,1,2025-11-27
4,102,N492HA,0500,0452,10,0502,49,51,35,216,0537,6,0549,0543,2015,1,1,-8,-6,0,0,HA,HNL,ITO,NONE,0.00000,0.00000,0.00000,0.00000,0.00000,-14,2025-11-27 05:45:15.100 -0800,NO_DELAY,SHORT_HAUL,WEEKDAY,COMPLETED,NO_WEATHER_IMPACT,1,2025-11-27
4,5467,N701BR,0500,0513,19,0532,89,85,61,363,0633,5,0629,0638,2015,1,1,13,9,0,0,OO,ONT,SFO,NONE,0.00000,0.00000,0.00000,0.00000,0.00000,22,2025-11-27 05:45:15.100 -0800,MEDIUM,SHORT_HAUL,WEEKDAY,COMPLETED,NO_WEATHER_IMPACT,0,2025-11-27
4,108,N476HA,0502,0501,12,0513,42,48,30,163,0543,6,0544,0549,2015,1,1,-1,5,0,0,HA,HNL,KOA,NONE,0.00000,0.00000,0.00000,0.00000,0.00000,4,2025-11-27 05:45:15.100 -0800,SHORT,SHORT_HAUL,WEEKDAY,COMPLETED,NO_WEATHER_IMPACT,0,2025-11-27
4,730,N423AS,0505,0457,16,0513,205,199,179,1448,0912,4,0930,0916,2015,1,1,-8,-14,0,0,AS,ANC,SEA,NONE,0.00000,0.00000,0.00000,0.00000,0.00000,-22,2025-11-27 05:45:15.100 -0800,NO_DELAY,MEDIUM_HAUL,WEEKDAY,COMPLETED,NO_WEATHER_IMPACT,1,2025-11-27
4,206,N484HA,0505,0454,10,0504,36,36,20,100,0524,6,0541,0530,2015,1,1,-11,-11,0,0,HA,HNL,OGG,NONE,0.00000,0.00000,0.00000,0.00000,0.00000,-22,2025-11-27 05:45:15.100 -0800,NO_DELAY,SHORT_HAUL,WEEKDAY,COMPLETED,NO_WEATHER_IMPACT,1,2025-11-27
4,1500,N30401,0510,0514,23,0537,175,182,147,925,0804,12,0805,0816,2015,1,1,4,11,0,0,UA,ORD,IAH,NONE,0.00000,0.00000,0.00000,0.00000,0.00000,15,2025-11-27 05:45:15.100 -0800,SHORT,MEDIUM_HAUL,WEEKDAY,COMPLETED,NO_WEATHER_IMPACT,0,2025-11-27
4,1323,N3CXAA,0510,0507,14,0521,63,55,38,192,0559,3,0613,0602,2015,1,1,-3,-11,0,0,AA,MCO,MIA,NONE,0.00000,0.00000,0.00000,0.00000,0.00000,-14,2025-11-27 05:45:15.100 -0800,NO_DELAY,SHORT_HAUL,WEEKDAY,COMPLETED,NO_WEATHER_IMPACT,1,2025-11-27
4,103,N616NK,0510,0506,16,0522,140,134,112,738,0714,6,0730,0720,2015,1,1,-4,-10,0,0,NK,BOS,MYR,NONE,0.00000,0.00000,0.00000,0.00000,0.00000,-14,2025-11-27 05:45:15.100 -0800,NO_DELAY,MEDIUM_HAUL,WEEKDAY,COMPLETED,NO_WEATHER_IMPACT,1,2025-11-27
4,7404,N8982A,0510,0500,37,0537,68,78,35,174,0612,6,0618,0618,2015,1,1,-10,0,0,0,OO,HIB,MSP,NONE,0.00000,0.00000,0.00000,0.00000,0.00000,-10,2025-11-27 05:45:15.100 -0800,NO_DELAY,SHORT_HAUL,WEEKDAY,COMPLETED,NO_WEATHER_IMPACT,1,2025-11-27
4,7419,N445SW,0510,0508,21,0529,69,67,41,257,0610,5,0619,0615,2015,1,1,-2,-4,0,0,OO,ABR,MSP,NONE,0.00000,0.00000,0.00000,0.00000,0.00000,-6,2025-11-27 05:45:15.100 -0800,NO_DELAY,SHORT_HAUL,WEEKDAY,COMPLETED,NO_WEATHER_IMPACT,1,2025-11-27
4,5254,N746SK,0510,,,,87,,,429,,,0637,,2015,1,1,,,1,0,OO,MAF,IAH,B,0.00000,0.00000,0.00000,0.00000,0.00000,,2025-11-27 05:45:15.100 -0800,LONG,SHORT_HAUL,WEEKDAY,CANCELLED,NO_WEATHER_IMPACT,0,2025-11-27
4,480,N676AW,0515,0510,15,0525,165,168,146,1107,0851,7,0900,0858,2015,1,1,-5,-2,0,0,US,SEA,PHX,NONE,0.00000,0.00000,0.00000,0.00000,0.00000,-7,2025-11-27 05:45:15.100 -0800,NO_DELAY,MEDIUM_HAUL,WEEKDAY,COMPLETED,NO_WEATHER_IMPACT,1,2025-11-27
4,1057,N3ASAA,0515,0703,15,0718,161,155,133,1121,1031,7,0856,1038,2015,1,1,108,102,0,0,AA,DFW,MIA,NONE,0.00000,0.00000,0.00000,0.00000,102.00000,210,2025-11-27 05:45:15.100 -0800,LONG,MEDIUM_HAUL,WEEKDAY,COMPLETED,WEATHER_HIGH,0,2025-11-27
4,2454,N3ETAA,0515,0510,14,0524,208,215,182,1258,0826,19,0843,0845,2015,1,1,-5,2,0,0,AA,BOS,MIA,NONE,0.00000,0.00000,0.00000,0.00000,0.00000,-3,2025-11-27 05:45:15.100 -0800,NO_DELAY,MEDIUM_HAUL,WEEKDAY,COMPLETED,NO_WEATHER_IMPACT,1,2025-11-27
4,4354,N12142,0515,0517,12,0529,178,189,163,984,0812,14,0813,0826,2015,1,1,2,13,0,0,EV,MKE,IAH,NONE,0.00000,0.00000,0.00000,0.00000,0.00000,15,2025-11-27 05:45:15.100 -0800,SHORT,MEDIUM_HAUL,WEEKDAY,COMPLETED,NO_WEATHER_IMPACT,0,2025-11-27
4,425,N174US,0520,0620,13,0633,150,150,132,1009,0945,5,0850,0950,2015,1,1,60,60,0,0,US,PDX,PHX,NONE,0.00000,0.00000,60.00000,0.00000,0.00000,120,2025-11-27 05:45:15.100 -0800,LONG,MEDIUM_HAUL,WEEKDAY,COMPLETED,NO_WEATHER_IMPACT,0,2025-11-27
4,89,N3KVAA,0520,0618,19,0637,141,137,111,964,0928,7,0841,0935,2015,1,1,58,54,0,0,AA,IAH,MIA,NONE,0.00000,0.00000,54.00000,0.00000,0.00000,112,2025-11-27 05:45:15.100 -0800,LONG,MEDIUM_HAUL,WEEKDAY,COMPLETED,NO_WEATHER_IMPACT,0,2025-11-27
4,2099,N355NW,0520,0511,30,0541,103,106,66,456,0747,10,0803,0757,2015,1,1,-9,-6,0,0,DL,BNA,DTW,NONE,0.00000,0.00000,0.00000,0.00000,0.00000,-15,2025-11-27 05:45:15.100 -0800,NO_DELAY,SHORT_HAUL,WEEKDAY,COMPLETED,NO_WEATHER_IMPACT,1,2025-11-27
4,4685,N26545,0520,0517,15,0532,74,72,49,308,0621,8,0634,0629,2015,1,1,-3,-5,0,0,EV,BRO,IAH,NONE,0.00000,0.00000,0.00000,0.00000,0.00000,-8,2025-11-27 05:45:15.100 -0800,NO_DELAY,SHORT_HAUL,WEEKDAY,COMPLETED,NO_WEATHER_IMPACT,1,2025-11-27
4,5583,N882AS,0520,0514,9,0523,66,57,42,250,0705,6,0726,0711,2015,1,1,-6,-15,0,0,EV,VPS,ATL,NONE,0.00000,0.00000,0.00000,0.00000,0.00000,-21,2025-11-27 05:45:15.100 -0800,NO_DELAY,SHORT_HAUL,WEEKDAY,COMPLETED,NO_WEATHER_IMPACT,1,2025-11-27
4,5484,N824AS,0520,0525,24,0549,112,110,79,522,0608,7,0612,0615,2015,1,1,5,3,0,0,OO,BOI,SFO,NONE,0.00000,0.00000,0.00000,0.00000,0.00000,8,2025-11-27 05:45:15.100 -0800,SHORT,MEDIUM_HAUL,WEEKDAY,COMPLETED,NO_WEATHER_IMPACT,0,2025-11-27
4,7370,N432SW,0520,0517,31,0548,60,72,34,199,0622,7,0620,0629,2015,1,1,-3,9,0,0,OO,BJI,MSP,NONE,0.00000,0.00000,0.00000,0.00000,0.00000,6,2025-11-27 05:45:15.100 -0800,SHORT,SHORT_HAUL,WEEKDAY,COMPLETED,NO_WEATHER_IMPACT,0,2025-11-27
4,103,N477HA,0523,0513,7,0520,37,35,21,102,0541,7,0600,0548,2015,1,1,-10,-12,0,0,HA,HNL,LIH,NONE,0.00000,0.00000,0.00000,0.00000,0.00000,-22,2025-11-27 05:45:15.100 -0800,NO_DELAY,SHORT_HAUL,WEEKDAY,COMPLETED,NO_WEATHER_IMPACT,1,2025-11-27
4,5187,N720EV,0525,0525,32,0557,65,70,35,214,0732,3,0730,0735,2015,1,1,0,5,0,0,EV,BNA,ATL,NONE,0.00000,0.00000,0.00000,0.00000,0.00000,5,2025-11-27 05:45:15.100 -0800,SHORT,SHORT_HAUL,WEEKDAY,COMPLETED,NO_WEATHER_IMPACT,0,2025-11-27
4,2859,N660MQ,0525,,,,95,,,364,,,0700,,2015,1,1,,,1,0,MQ,SGF,DFW,B,0.00000,0.00000,0.00000,0.00000,0.00000,,2025-11-27 05:45:15.100 -0800,LONG,SHORT_HAUL,WEEKDAY,CANCELLED,NO_WEATHER_IMPACT,0,2025-11-27
4,1201,N79521,0530,0532,12,0544,230,234,210,1325,0814,12,0820,0826,2015,1,1,2,6,0,0,UA,PHL,IAH,NONE,0.00000,0.00000,0.00000,0.00000,0.00000,8,2025-11-27 05:45:15.100 -0800,SHORT,MEDIUM_HAUL,WEEKDAY,COMPLETED,NO_WEATHER_IMPACT,0,2025-11-27
4,1221,N37281,0530,0534,9,0543,142,142,125,991,0848,8,0852,0856,2015,1,1,4,4,0,0,UA,PDX,DEN,NONE,0.00000,0.00000,0.00000,0.00000,0.00000,8,2025-11-27 05:45:15.100 -0800,SHORT,MEDIUM_HAUL,WEEKDAY,COMPLETED,NO_WEATHER_IMPACT,0,2025-11-27
4,1607,N36476,0530,0529,10,0539,157,157,138,1024,0857,9,0907,0906,2015,1,1,-1,-1,0,0,UA,SEA,DEN,NONE,0.00000,0.00000,0.00000,0.00000,0.00000,-2,2025-11-27 05:45:15.100 -0800,NO_DELAY,MEDIUM_HAUL,WEEKDAY,COMPLETED,NO_WEATHER_IMPACT,1,2025-11-27
4,328,N4XKAA,0530,0623,32,0655,125,138,96,641,0931,10,0835,0941,2015,1,1,53,66,0,0,AA,DEN,DFW,NONE,13.00000,0.00000,53.00000,0.00000,0.00000,119,2025-11-27 05:45:15.100 -0800,LONG,MEDIUM_HAUL,WEEKDAY,COMPLETED,NO_WEATHER_IMPACT,0,2025-11-27
4,5764,N832AS,0530,0527,12,0539,55,44,22,84,0501,10,0525,0511,2015,1,1,-3,-14,0,0,EV,SBN,ORD,NONE,0.00000,0.00000,0.00000,0.00000,0.00000,-17,2025-11-27 05:45:15.100 -0800,NO_DELAY,SHORT_HAUL,WEEKDAY,COMPLETED,NO_WEATHER_IMPACT,1,2025-11-27
4,1279,N918FR,0530,0526,12,0538,160,146,128,861,0746,6,0810,0752,2015,1,1,-4,-18,0,0,F9,PHL,MCO,NONE,0.00000,0.00000,0.00000,0.00000,0.00000,-22,2025-11-27 05:45:15.100 -0800,NO_DELAY,MEDIUM_HAUL,WEEKDAY,COMPLETED,NO_WEATHER_IMPACT,1,2025-11-27
4,409,N509NK,0530,0526,12,0538,188,167,149,1182,0907,6,0938,0913,2015,1,1,-4,-25,0,0,NK,ORD,FLL,NONE,0.00000,0.00000,0.00000,0.00000,0.00000,-29,2025-11-27 05:45:15.100 -0800,NO_DELAY,MEDIUM_HAUL,WEEKDAY,COMPLETED,NO_WEATHER_IMPACT,1,2025-11-27
4,5460,N583SW,0530,,,,90,,,199,,,0700,,2015,1,1,,,1,0,OO,RDD,SFO,A,0.00000,0.00000,0.00000,0.00000,0.00000,,2025-11-27 05:45:15.100 -0800,LONG,SHORT_HAUL,WEEKDAY,CANCELLED,NO_WEATHER_IMPACT,0,2025-11-27
4,6391,N593ML,0530,0526,26,0552,163,180,143,996,0915,11,0913,0926,2015,1,1,-4,13,0,0,OO,EUG,DEN,NONE,0.00000,0.00000,0.00000,0.00000,0.00000,9,2025-11-27 05:45:15.100 -0800,SHORT,MEDIUM_HAUL,WEEKDAY,COMPLETED,NO_WEATHER_IMPACT,0,2025-11-27
4,1532,N77066,0531,0550,15,0605,146,153,127,967,0912,11,0857,0923,2015,1,1,19,26,0,0,UA,SFO,DEN,NONE,7.00000,0.00000,19.00000,0.00000,0.00000,45,2025-11-27 05:45:15.100 -0800,MEDIUM,MEDIUM_HAUL,WEEKDAY,COMPLETED,NO_WEATHER_IMPACT,0,2025-11-27
4,1167,N66837,0533,0540,10,0550,167,163,142,888,0712,11,0720,0723,2015,1,1,7,3,0,0,UA,ORD,DEN,NONE,0.00000,0.00000,0.00000,0.00000,0.00000,10,2025-11-27 05:45:15.100 -0800,SHORT,MEDIUM_HAUL,WEEKDAY,COMPLETED,NO_WEATHER_IMPACT,0,2025-11-27
4,1012,N17245,0535,0541,12,0553,207,215,194,1190,0807,9,0802,0816,2015,1,1,6,14,0,0,UA,IAD,IAH,NONE,0.00000,0.00000,0.00000,0.00000,0.00000,20,2025-11-27 05:45:15.100 -0800,MEDIUM,MEDIUM_HAUL,WEEKDAY,COMPLETED,NO_WEATHER_IMPACT,0,2025-11-27
4,2001,N358JB,0535,0530,17,0547,88,78,56,301,0643,5,0703,0648,2015,1,1,-5,-15,0,0,B6,BUF,JFK,NONE,0.00000,0.00000,0.00000,0.00000,0.00000,-20,2025-11-27 05:45:15.100 -0800,NO_DELAY,SHORT_HAUL,WEEKDAY,COMPLETED,NO_WEATHER_IMPACT,1,2025-11-27
4,2807,N190JB,0535,0528,13,0541,85,67,50,273,0631,4,0700,0635,2015,1,1,-7,-25,0,0,B6,PWM,JFK,NONE,0.00000,0.00000,0.00000,0.00000,0.00000,-32,2025-11-27 05:45:15.100 -0800,NO_DELAY,SHORT_HAUL,WEEKDAY,COMPLETED,NO_WEATHER_IMPACT,1,2025-11-27
4,2023,N324JB,0535,0618,13,0631,225,201,184,1598,1035,4,1020,1039,2015,1,1,43,19,0,0,B6,JFK,SJU,NONE,0.00000,0.00000,19.00000,0.00000,0.00000,62,2025-11-27 05:45:15.100 -0800,LONG,LONG_HAUL,WEEKDAY,COMPLETED,NO_WEATHER_IMPACT,0,2025-11-27
4,4557,N12967,0535,0523,12,0535,61,52,33,201,0608,7,0636,0615,2015,1,1,-12,-21,0,0,EV,CRP,IAH,NONE,0.00000,0.00000,0.00000,0.00000,0.00000,-33,2025-11-27 05:45:15.100 -0800,NO_DELAY,SHORT_HAUL,WEEKDAY,COMPLETED,NO_WEATHER_IMPACT,1,2025-11-27
4,5241,N849AS,0535,0530,18,0548,88,75,54,346,0742,3,0803,0745,2015,1,1,-5,-18,0,0,EV,PIA,DTW,NONE,0.00000,0.00000,0.00000,0.00000,0.00000,-23,2025-11-27 05:45:15.100 -0800,NO_DELAY,SHORT_HAUL,WEEKDAY,COMPLETED,NO_WEATHER_IMPACT,1,2025-11-27
4,5498,N132EV,0535,0550,18,0608,85,67,41,235,0749,8,0800,0757,2015,1,1,15,-3,0,0,EV,ORD,DTW,NONE,0.00000,0.00000,0.00000,0.00000,0.00000,12,2025-11-27 05:45:15.100 -0800,SHORT,SHORT_HAUL,WEEKDAY,COMPLETED,NO_WEATHER_IMPACT,0,2025-11-27
4,6512,N925SW,0535,0530,33,0603,75,80,42,209,0645,5,0650,0650,2015,1,1,-5,0,0,0,OO,FAT,LAX,NONE,0.00000,0.00000,0.00000,0.00000,0.00000,-5,2025-11-27 05:45:15.100 -0800,NO_DELAY,SHORT_HAUL,WEEKDAY,COMPLETED,NO_WEATHER_IMPACT,1,2025-11-27
4,1577,N69813,0538,0634,26,0700,142,164,129,909,1009,9,0900,1018,2015,1,1,56,78,0,0,UA,SMF,DEN,NONE,22.00000,0.00000,56.00000,0.00000,0.00000,134,2025-11-27 05:45:15.100 -0800,LONG,MEDIUM_HAUL,WEEKDAY,COMPLETED,NO_WEATHER_IMPACT,0,2025-11-27
4,4986,N719SK,0538,0535,16,0551,212,199,173,1242,0644,10,0710,0654,2015,1,1,-3,-16,0,0,OO,AUS,LAX,NONE,0.00000,0.00000,0.00000,0.00000,0.00000,-19,2025-11-27 05:45:15.100 -0800,NO_DELAY,MEDIUM_HAUL,WEEKDAY,COMPLETED,NO_WEATHER_IMPACT,1,2025-11-27
4,727,N292JB,0540,0536,14,0550,101,84,66,369,0656,4,0721,0700,2015,1,1,-4,-21,0,0,B6,BOS,BWI,NONE,0.00000,0.00000,0.00000,0.00000,0.00000,-25,2025-11-27 05:45:15.100 -0800,NO_DELAY,SHORT_HAUL,WEEKDAY,COMPLETED,NO_WEATHER_IMPACT,1,2025-11-27
4,1012,N375JB,0540,0529,16,0545,136,114,95,867,0820,3,0856,0823,2015,1,1,-11,-33,0,0,B6,ORD,BOS,NONE,0.00000,0.00000,0.00000,0.00000,0.00000,-44,2025-11-27 05:45:15.100 -0800,NO_DELAY,MEDIUM_HAUL,WEEKDAY,COMPLETED,NO_WEATHER_IMPACT,1,2025-11-27
4,824,N3736C,0540,0808,19,0827,223,203,178,1671,1325,6,1123,1331,2015,1,1,148,128,0,0,DL,PHX,DTW,NONE,0.00000,0.00000,0.00000,0.00000,128.00000,276,2025-11-27 05:45:15.100 -0800,LONG,LONG_HAUL,WEEKDAY,COMPLETED,WEATHER_HIGH,0,2025-11-27
4,941,N910DN,0540,0546,11,0557,122,101,84,692,0821,6,0842,0827,2015,1,1,6,-15,0,0,DL,MCI,ATL,NONE,0.00000,0.00000,0.00000,0.00000,0.00000,-9,2025-11-27 05:45:15.100 -0800,NO_DELAY,MEDIUM_HAUL,WEEKDAY,COMPLETED,NO_WEATHER_IMPACT,1,2025-11-27
4,2079,N389DA,0540,0537,15,0552,143,125,105,632,0737,5,0803,0742,2015,1,1,-3,-21,0,0,DL,BOS,DTW,NONE,0.00000,0.00000,0.00000,0.00000,0.00000,-24,2025-11-27 05:45:15.100 -0800,NO_DELAY,MEDIUM_HAUL,WEEKDAY,COMPLETED,NO_WEATHER_IMPACT,1,2025-11-27
4,3268,N14998,0540,0556,9,0605,105,103,79,534,0724,15,0725,0739,2015,1,1,16,14,0,0,EV,ATL,IAD,NONE,0.00000,0.00000,0.00000,0.00000,0.00000,30,2025-11-27 05:45:15.100 -0800,MEDIUM,MEDIUM_HAUL,WEEKDAY,COMPLETED,NO_WEATHER_IMPACT,0,2025-11-27
4,4160,N11150,0540,0531,9,0540,137,132,109,820,0729,14,0757,0743,2015,1,1,-9,-14,0,0,EV,JAX,EWR,NONE,0.00000,0.00000,0.00000,0.00000,0.00000,-23,2025-11-27 05:45:15.100 -0800,NO_DELAY,MEDIUM_HAUL,WEEKDAY,COMPLETED,NO_WEATHER_IMPACT,1,2025-11-27
4,6285,N962SW,0540,0538,42,0620,161,188,138,964,0938,8,0921,0946,2015,1,1,-2,25,0,0,OO,MFR,DEN,NONE,25.00000,0.00000,0.00000,0.00000,0.00000,23,2025-11-27 05:45:15.100 -0800,MEDIUM,MEDIUM_HAUL,WEEKDAY,COMPLETED,NO_WEATHER_IMPACT,0,2025-11-27
4,5184,N776SK,0540,0537,18,0555,193,180,158,1195,0933,4,0953,0937,2015,1,1,-3,-16,0,0,OO,SLC,IAH,NONE,0.00000,0.00000,0.00000,0.00000,0.00000,-19,2025-11-27 05:45:15.100 -0800,NO_DELAY,MEDIUM_HAUL,WEEKDAY,COMPLETED,NO_WEATHER_IMPACT,1,2025-11-27
4,6358,N926SW,0541,0539,30,0609,104,113,72,458,0721,11,0725,0732,2015,1,1,-2,7,0,0,OO,IDA,DEN,NONE,0.00000,0.00000,0.00000,0.00000,0.00000,5,2025-11-27 05:45:15.100 -0800,SHORT,SHORT_HAUL,WEEKDAY,COMPLETED,NO_WEATHER_IMPACT,0,2025-11-27
4,161,N905FR,0544,0534,7,0541,145,144,128,826,0649,9,0709,0658,2015,1,1,-10,-11,0,0,F9,MSN,DEN,NONE,0.00000,0.00000,0.00000,0.00000,0.00000,-21,2025-11-27 05:45:15.100 -0800,NO_DELAY,MEDIUM_HAUL,WEEKDAY,COMPLETED,NO_WEATHER_IMPACT,1,2025-11-27
4,4833,N554CA,0545,0543,10,0553,74,55,36,237,0729,9,0759,0738,2015,1,1,-2,-21,0,0,OO,MKE,DTW,NONE,0.00000,0.00000,0.00000,0.00000,0.00000,-23,2025-11-27 05:45:15.100 -0800,NO_DELAY,SHORT_HAUL,WEEKDAY,COMPLETED,NO_WEATHER_IMPACT,1,2025-11-27
4,1119,N69810,0545,0542,21,0603,139,136,107,836,0850,8,0904,0858,2015,1,1,-3,-6,0,0,UA,GEG,DEN,NONE,0.00000,0.00000,0.00000,0.00000,0.00000,-9,2025-11-27 05:45:15.100 -0800,NO_DELAY,MEDIUM_HAUL,WEEKDAY,COMPLETED,NO_WEATHER_IMPACT,1,2025-11-27
4,1237,N65832,0545,0541,13,0554,251,266,238,1874,1152,15,1156,1207,2015,1,1,-4,11,0,0,UA,SEA,IAH,NONE,0.00000,0.00000,0.00000,0.00000,0.00000,7,2025-11-27 05:45:15.100 -0800,SHORT,LONG_HAUL,WEEKDAY,COMPLETED,NO_WEATHER_IMPACT,0,2025-11-27
4,1540,N78509,0545,0550,10,0600,209,197,182,1208,0802,5,0814,0807,2015,1,1,5,-7,0,0,UA,DCA,IAH,NONE,0.00000,0.00000,0.00000,0.00000,0.00000,-2,2025-11-27 05:45:15.100 -0800,NO_DELAY,MEDIUM_HAUL,WEEKDAY,COMPLETED,NO_WEATHER_IMPACT,1,2025-11-27
4,1433,N4YNAA,0545,0539,12,0551,65,59,41,247,0632,6,0650,0638,2015,1,1,-6,-12,0,0,AA,SAT,DFW,NONE,0.00000,0.00000,0.00000,0.00000,0.00000,-18,2025-11-27 05:45:15.100 -0800,NO_DELAY,SHORT_HAUL,WEEKDAY,COMPLETED,NO_WEATHER_IMPACT,1,2025-11-27
4,2299,N3LLAA,0545,0640,17,0657,185,199,152,1089,0929,30,0850,0959,2015,1,1,55,69,0,0,AA,JFK,MIA,NONE,14.00000,0.00000,55.00000,0.00000,0.00000,124,2025-11-27 05:45:15.100 -0800,LONG,MEDIUM_HAUL,WEEKDAY,COMPLETED,NO_WEATHER_IMPACT,0,2025-11-27
4,721,N623JB,0545,0551,16,0607,205,190,170,1197,0857,4,0910,0901,2015,1,1,6,-9,0,0,B6,BOS,PBI,NONE,0.00000,0.00000,0.00000,0.00000,0.00000,-3,2025-11-27 05:45:15.100 -0800,NO_DELAY,MEDIUM_HAUL,WEEKDAY,COMPLETED,NO_WEATHER_IMPACT,1,2025-11-27
4,917,N606JB,0545,0543,12,0555,77,66,44,187,0639,10,0702,0649,2015,1,1,-2,-13,0,0,B6,BOS,JFK,NONE,0.00000,0.00000,0.00000,0.00000,0.00000,-15,2025-11-27 05:45:15.100 -0800,NO_DELAY,SHORT_HAUL,WEEKDAY,COMPLETED,NO_WEATHER_IMPACT,1,2025-11-27
4,939,N794JB,0545,0545,17,0602,221,202,180,1576,1002,5,1026,1007,2015,1,1,0,-19,0,0,B6,JFK,BQN,NONE,0.00000,0.00000,0.00000,0.00000,0.00000,-19,2025-11-27 05:45:15.100 -0800,NO_DELAY,LONG_HAUL,WEEKDAY,COMPLETED,NO_WEATHER_IMPACT,1,2025-11-27
4,1890,N377DA,0545,0603,13,0616,124,104,86,731,0842,5,0849,0847,2015,1,1,18,-2,0,0,DL,DFW,ATL,NONE,0.00000,0.00000,0.00000,0.00000,0.00000,16,2025-11-27 05:45:15.100 -0800,MEDIUM,MEDIUM_HAUL,WEEKDAY,COMPLETED,NO_WEATHER_IMPACT,0,2025-11-27
4,4646,N29917,0545,0540,26,0606,116,122,91,628,0737,5,0741,0742,2015,1,1,-5,1,0,0,EV,CHS,EWR,NONE,0.00000,0.00000,0.00000,0.00000,0.00000,-4,2025-11-27 05:45:15.100 -0800,NO_DELAY,MEDIUM_HAUL,WEEKDAY,COMPLETED,NO_WEATHER_IMPACT,1,2025-11-27
4,365,N218FR,0545,0621,9,0630,161,142,120,896,0730,13,0726,0743,2015,1,1,36,17,0,0,F9,MKE,DEN,NONE,0.00000,0.00000,17.00000,0.00000,0.00000,53,2025-11-27 05:45:15.100 -0800,MEDIUM,MEDIUM_HAUL,WEEKDAY,COMPLETED,NO_WEATHER_IMPACT,0,2025-11-27
4,117,N933FR,0545,0538,15,0553,129,128,104,680,0637,9,0654,0646,2015,1,1,-7,-8,0,0,F9,MSP,DEN,NONE,0.00000,0.00000,0.00000,0.00000,0.00000,-15,2025-11-27 05:45:15.100 -0800,NO_DELAY,MEDIUM_HAUL,WEEKDAY,COMPLETED,NO_WEATHER_IMPACT,1,2025-11-27
4,2926,N932MQ,0545,,,,190,,,987,,,0755,,2015,1,1,,,1,0,MQ,CHS,DFW,B,0.00000,0.00000,0.00000,0.00000,0.00000,,2025-11-27 05:45:15.100 -0800,LONG,MEDIUM_HAUL,WEEKDAY,CANCELLED,NO_WEATHER_IMPACT,0,2025-11-27
4,2599,N435SW,0545,0658,11,0709,150,133,112,862,0801,10,0715,0811,2015,1,1,73,56,0,0,OO,DEN,LAX,NONE,0.00000,0.00000,56.00000,0.00000,0.00000,129,2025-11-27 05:45:15.100 -0800,LONG,MEDIUM_HAUL,WEEKDAY,COMPLETED,NO_WEATHER_IMPACT,0,2025-11-27
4,5482,N934SW,0545,0542,25,0607,154,167,134,916,0921,8,0919,0929,2015,1,1,-3,10,0,0,OO,SBA,DEN,NONE,0.00000,0.00000,0.00000,0.00000,0.00000,7,2025-11-27 05:45:15.100 -0800,SHORT,MEDIUM_HAUL,WEEKDAY,COMPLETED,NO_WEATHER_IMPACT,0,2025-11-27
4,6457,N560SW,0545,,,,66,,,134,,,0651,,2015,1,1,,,1,0,OO,SMX,LAX,A,0.00000,0.00000,0.00000,0.00000,0.00000,,2025-11-27 05:45:15.100 -0800,LONG,SHORT_HAUL,WEEKDAY,CANCELLED,NO_WEATHER_IMPACT,0,2025-11-27
4,218,N485HA,0548,0540,10,0550,42,44,27,163,0617,7,0630,0624,2015,1,1,-8,-6,0,0,HA,HNL,KOA,NONE,0.00000,0.00000,0.00000,0.00000,0.00000,-14,2025-11-27 05:45:15.100 -0800,NO_DELAY,SHORT_HAUL,WEEKDAY,COMPLETED,NO_WEATHER_IMPACT,1,2025-11-27
4,515,N337JB,0549,0540,17,0557,96,99,78,395,0715,4,0725,0719,2015,1,1,-9,-6,0,0,B6,BOS,BUF,NONE,0.00000,0.00000,0.00000,0.00000,0.00000,-15,2025-11-27 05:45:15.100 -0800,NO_DELAY,SHORT_HAUL,WEEKDAY,COMPLETED,NO_WEATHER_IMPACT,1,2025-11-27
4,228,N439UA,0550,0547,10,0557,314,282,263,2434,1320,9,1404,1329,2015,1,1,-3,-35,0,0,UA,PDX,EWR,NONE,0.00000,0.00000,0.00000,0.00000,0.00000,-38,2025-11-27 05:45:15.100 -0800,NO_DELAY,LONG_HAUL,WEEKDAY,COMPLETED,NO_WEATHER_IMPACT,1,2025-11-27
4,641,N650AW,0550,0545,12,0557,240,249,234,1488,0751,3,0750,0754,2015,1,1,-5,4,0,0,US,IND,PHX,NONE,0.00000,0.00000,0.00000,0.00000,0.00000,-1,2025-11-27 05:45:15.100 -0800,NO_DELAY,MEDIUM_HAUL,WEEKDAY,COMPLETED,NO_WEATHER_IMPACT,1,2025-11-27
4,495,N548UA,0550,0550,11,0601,145,136,118,862,0859,7,0915,0906,2015,1,1,0,-9,0,0,UA,LAX,DEN,NONE,0.00000,0.00000,0.00000,0.00000,0.00000,-9,2025-11-27 05:45:15.100 -0800,NO_DELAY,MEDIUM_HAUL,WEEKDAY,COMPLETED,NO_WEATHER_IMPACT,1,2025-11-27
4,507,N808UA,0550,0629,11,0640,194,198,170,1091,0830,17,0804,0847,2015,1,1,39,43,0,0,UA,CLE,IAH,NONE,4.00000,0.00000,39.00000,0.00000,0.00000,82,2025-11-27 05:45:15.100 -0800,LONG,MEDIUM_HAUL,WEEKDAY,COMPLETED,NO_WEATHER_IMPACT,0,2025-11-27
4,1553,N37290,0550,0552,12,0604,88,67,46,200,0650,9,0718,0659,2015,1,1,2,-19,0,0,UA,BOS,EWR,NONE,0.00000,0.00000,0.00000,0.00000,0.00000,-17,2025-11-27 05:45:15.100 -0800,NO_DELAY,SHORT_HAUL,WEEKDAY,COMPLETED,NO_WEATHER_IMPACT,1,2025-11-27
4,403,N660AW,0550,0550,15,0605,119,109,91,602,0736,3,0749,0739,2015,1,1,0,-10,0,0,US,DEN,PHX,NONE,0.00000,0.00000,0.00000,0.00000,0.00000,-10,2025-11-27 05:45:15.100 -0800,NO_DELAY,MEDIUM_HAUL,WEEKDAY,COMPLETED,NO_WEATHER_IMPACT,1,2025-11-27
4,446,N651AW,0550,0544,15,0559,178,179,159,1044,0738,5,0748,0743,2015,1,1,-6,-5,0,0,US,MCI,PHX,NONE,0.00000,0.00000,0.00000,0.00000,0.00000,-11,2025-11-27 05:45:15.100 -0800,NO_DELAY,MEDIUM_HAUL,WEEKDAY,COMPLETED,NO_WEATHER_IMPACT,1,2025-11-27
4,1178,N573AA,0550,0548,19,0607,60,61,36,190,0643,6,0650,0649,2015,1,1,-2,-1,0,0,AA,AUS,DFW,NONE,0.00000,0.00000,0.00000,0.00000,0.00000,-3,2025-11-27 05:45:15.100 -0800,NO_DELAY,SHORT_HAUL,WEEKDAY,COMPLETED,NO_WEATHER_IMPACT,1,2025-11-27
4,2410,N3BAAA,0550,0600,17,0617,180,172,150,1235,1047,5,1050,1052,2015,1,1,10,2,0,0,AA,LAX,DFW,NONE,0.00000,0.00000,0.00000,0.00000,0.00000,12,2025-11-27 05:45:15.100 -0800,SHORT,MEDIUM_HAUL,WEEKDAY,COMPLETED,NO_WEATHER_IMPACT,0,2025-11-27
4,2453,N966DL,0550,0550,26,0616,59,59,28,153,0644,5,0649,0649,2015,1,1,0,0,0,0,DL,GSP,ATL,NONE,0.00000,0.00000,0.00000,0.00000,0.00000,0,2025-11-27 05:45:15.100 -0800,NO_DELAY,SHORT_HAUL,WEEKDAY,COMPLETED,NO_WEATHER_IMPACT,1,2025-11-27
4,2228,N231JB,0550,0548,12,0600,149,144,127,937,0807,5,0819,0812,2015,1,1,-2,-7,0,0,B6,MCO,EWR,NONE,0.00000,0.00000,0.00000,0.00000,0.00000,-9,2025-11-27 05:45:15.100 -0800,NO_DELAY,MEDIUM_HAUL,WEEKDAY,COMPLETED,NO_WEATHER_IMPACT,1,2025-11-27
4,4555,N13133,0550,0548,15,0603,135,138,110,643,0753,13,0805,0806,2015,1,1,-2,1,0,0,EV,MCI,IAH,NONE,0.00000,0.00000,0.00000,0.00000,0.00000,-1,2025-11-27 05:45:15.100 -0800,NO_DELAY,MEDIUM_HAUL,WEEKDAY,COMPLETED,NO_WEATHER_IMPACT,1,2025-11-27
4,5698,N835AS,0550,0543,9,0552,88,76,58,326,0650,9,0718,0659,2015,1,1,-7,-19,0,0,EV,BDL,IAD,NONE,0.00000,0.00000,0.00000,0.00000,0.00000,-26,2025-11-27 05:45:15.100 -0800,NO_DELAY,SHORT_HAUL,WEEKDAY,COMPLETED,NO_WEATHER_IMPACT,1,2025-11-27
4,3534,N925MQ,0550,,,,55,,,158,,,0645,,2015,1,1,,,1,0,MQ,ABI,DFW,B,0.00000,0.00000,0.00000,0.00000,0.00000,,2025-11-27 05:45:15.100 -0800,LONG,SHORT_HAUL,WEEKDAY,CANCELLED,NO_WEATHER_IMPACT,0,2025-11-27
4,4339,N14179,0550,0548,14,0602,205,220,195,1157,0817,11,0815,0828,2015,1,1,-2,13,0,0,EV,RIC,IAH,NONE,0.00000,0.00000,0.00000,0.00000,0.00000,11,2025-11-27 05:45:15.100 -0800,SHORT,MEDIUM_HAUL,WEEKDAY,COMPLETED,NO_WEATHER_IMPACT,0,2025-11-27
4,6204,N917SW,0550,0556,31,0627,150,164,125,845,0932,8,0920,0940,2015,1,1,6,20,0,0,OO,BFL,DEN,NONE,14.00000,0.00000,6.00000,0.00000,0.00000,26,2025-11-27 05:45:15.100 -0800,MEDIUM,MEDIUM_HAUL,WEEKDAY,COMPLETED,NO_WEATHER_IMPACT,0,2025-11-27
4,6261,N107SY,0550,0557,9,0606,249,223,198,1482,0724,16,0759,0740,2015,1,1,7,-19,0,0,OO,SAT,SFO,NONE,0.00000,0.00000,0.00000,0.00000,0.00000,-12,2025-11-27 05:45:15.100 -0800,NO_DELAY,MEDIUM_HAUL,WEEKDAY,COMPLETED,NO_WEATHER_IMPACT,1,2025-11-27
4,5160,N794SK,0550,0605,16,0621,140,146,120,781,0821,10,0810,0831,2015,1,1,15,21,0,0,OO,OMA,IAH,NONE,6.00000,0.00000,15.00000,0.00000,0.00000,36,2025-11-27 05:45:15.100 -0800,MEDIUM,MEDIUM_HAUL,WEEKDAY,COMPLETED,NO_WEATHER_IMPACT,0,2025-11-27
4,6224,N956SW,0550,0549,12,0601,143,150,130,898,0911,8,0913,0919,2015,1,1,-1,6,0,0,OO,RDM,DEN,NONE,0.00000,0.00000,0.00000,0.00000,0.00000,5,2025-11-27 05:45:15.100 -0800,SHORT,MEDIUM_HAUL,WEEKDAY,COMPLETED,NO_WEATHER_IMPACT,0,2025-11-27
4,860,N656JB,0553,0551,10,0601,166,177,162,1173,0843,5,0839,0848,2015,1,1,-2,9,0,0,B6,FLL,BDL,NONE,0.00000,0.00000,0.00000,0.00000,0.00000,7,2025-11-27 05:45:15.100 -0800,SHORT,MEDIUM_HAUL,WEEKDAY,COMPLETED,NO_WEATHER_IMPACT,0,2025-11-27
4,5230,N181PQ,0554,0554,27,0621,131,114,84,694,0845,3,0905,0848,2015,1,1,0,-17,0,0,EV,CID,ATL,NONE,0.00000,0.00000,0.00000,0.00000,0.00000,-17,2025-11-27 05:45:15.100 -0800,NO_DELAY,MEDIUM_HAUL,WEEKDAY,COMPLETED,NO_WEATHER_IMPACT,1,2025-11-27
4,526,N742SW,0555,0553,11,0604,150,150,132,967,0916,7,0925,0923,2015,1,1,-2,-2,0,0,WN,SFO,DEN,NONE,0.00000,0.00000,0.00000,0.00000,0.00000,-4,2025-11-27 05:45:15.100 -0800,NO_DELAY,MEDIUM_HAUL,WEEKDAY,COMPLETED,NO_WEATHER_IMPACT,1,2025-11-27
4,1222,N68452,0555,0557,10,0607,341,343,310,2218,0817,23,0836,0840,2015,1,1,2,4,0,0,UA,MCO,LAX,NONE,0.00000,0.00000,0.00000,0.00000,0.00000,6,2025-11-27 05:45:15.100 -0800,SHORT,LONG_HAUL,WEEKDAY,COMPLETED,NO_WEATHER_IMPACT,0,2025-11-27
4,1507,N31412,0555,0549,9,0558,156,149,131,997,0809,9,0831,0818,2015,1,1,-6,-13,0,0,UA,TPA,EWR,NONE,0.00000,0.00000,0.00000,0.00000,0.00000,-19,2025-11-27 05:45:15.100 -0800,NO_DELAY,MEDIUM_HAUL,WEEKDAY,COMPLETED,NO_WEATHER_IMPACT,1,2025-11-27
4,1094,N3DXAA,0555,0555,24,0619,235,251,216,1660,1155,11,1150,1206,2015,1,1,0,16,0,0,AA,SEA,DFW,NONE,16.00000,0.00000,0.00000,0.00000,0.00000,16,2025-11-27 05:45:15.100 -0800,MEDIUM,LONG_HAUL,WEEKDAY,COMPLETED,NO_WEATHER_IMPACT,0,2025-11-27
4,1233,N3HXAA,0555,0551,15,0606,275,269,243,1562,0909,11,0930,0920,2015,1,1,-4,-10,0,0,AA,BOS,DFW,NONE,0.00000,0.00000,0.00000,0.00000,0.00000,-14,2025-11-27 05:45:15.100 -0800,NO_DELAY,LONG_HAUL,WEEKDAY,COMPLETED,NO_WEATHER_IMPACT,1,2025-11-27
4,115,N284JB,0555,0550,27,0617,83,75,43,209,0700,5,0718,0705,2015,1,1,-5,-13,0,0,B6,SYR,JFK,NONE,0.00000,0.00000,0.00000,0.00000,0.00000,-18,2025-11-27 05:45:15.100 -0800,NO_DELAY,SHORT_HAUL,WEEKDAY,COMPLETED,NO_WEATHER_IMPACT,1,2025-11-27
4,185,N334JB,0555,0550,20,0610,85,73,48,264,0658,5,0720,0703,2015,1,1,-5,-17,0,0,B6,ROC,JFK,NONE,0.00000,0.00000,0.00000,0.00000,0.00000,-22,2025-11-27 05:45:15.100 -0800,NO_DELAY,SHORT_HAUL,WEEKDAY,COMPLETED,NO_WEATHER_IMPACT,1,2025-11-27
4,2519,N905EV,0555,0546,9,0555,50,50,25,102,0620,16,0645,0636,2015,1,1,-9,-9,0,0,EV,TYR,DFW,NONE,0.00000,0.00000,0.00000,0.00000,0.00000,-18,2025-11-27 05:45:15.100 -0800,NO_DELAY,SHORT_HAUL,WEEKDAY,COMPLETED,NO_WEATHER_IMPACT,1,2025-11-27
4,3928,N11140,0555,0554,19,0613,94,83,58,403,0711,6,0729,0717,2015,1,1,-1,-12,0,0,EV,MCI,ORD,NONE,0.00000,0.00000,0.00000,0.00000,0.00000,-13,2025-11-27 05:45:15.100 -0800,NO_DELAY,SHORT_HAUL,WEEKDAY,COMPLETED,NO_WEATHER_IMPACT,1,2025-11-27
4,3941,N16561,0555,0555,27,0622,69,75,39,179,0601,9,0604,0610,2015,1,1,0,6,0,0,EV,LAN,ORD,NONE,0.00000,0.00000,0.00000,0.00000,0.00000,6,2025-11-27 05:45:15.100 -0800,SHORT,SHORT_HAUL,WEEKDAY,COMPLETED,NO_WEATHER_IMPACT,0,2025-11-27
4,5976,N27200,0555,0928,38,1006,80,93,48,282,1054,7,0715,1101,2015,1,1,213,226,0,0,EV,BUF,EWR,NONE,13.00000,0.00000,0.00000,0.00000,213.00000,439,2025-11-27 05:45:15.100 -0800,LONG,SHORT_HAUL,WEEKDAY,COMPLETED,WEATHER_HIGH,0,2025-11-27
4,3161,N5PBMQ,0555,,,,75,,,280,,,0710,,2015,1,1,,,1,0,MQ,XNA,DFW,B,0.00000,0.00000,0.00000,0.00000,0.00000,,2025-11-27 05:45:15.100 -0800,LONG,SHORT_HAUL,WEEKDAY,CANCELLED,NO_WEATHER_IMPACT,0,2025-11-27
4,5677,N12563,0556,0538,19,0557,94,90,65,445,0702,6,0730,0708,2015,1,1,-18,-22,0,0,EV,GSO,EWR,NONE,0.00000,0.00000,0.00000,0.00000,0.00000,-40,2025-11-27 05:45:15.100 -0800,NO_DELAY,SHORT_HAUL,WEEKDAY,COMPLETED,NO_WEATHER_IMPACT,1,2025-11-27
4,224,N607NK,0556,0547,16,0603,124,160,92,733,0835,52,0900,0927,2015,1,1,-9,27,0,0,NK,ORD,LGA,NONE,27.00000,0.00000,0.00000,0.00000,0.00000,18,2025-11-27 05:45:15.100 -0800,MEDIUM,MEDIUM_HAUL,WEEKDAY,COMPLETED,NO_WEATHER_IMPACT,0,2025-11-27
4,1457,N76529,0557,0555,12,0607,192,178,160,1379,1047,6,1109,1053,2015,1,1,-2,-16,0,0,UA,LAX,IAH,NONE,0.00000,0.00000,0.00000,0.00000,0.00000,-18,2025-11-27 05:45:15.100 -0800,NO_DELAY,MEDIUM_HAUL,WEEKDAY,COMPLETED,NO_WEATHER_IMPACT,1,2025-11-27
4,1205,N3FKAA,0559,0552,22,0614,183,177,149,1085,0843,6,0902,0849,2015,1,1,-7,-13,0,0,AA,EWR,MIA,NONE,0.00000,0.00000,0.00000,0.00000,0.00000,-20,2025-11-27 05:45:15.100 -0800,NO_DELAY,MEDIUM_HAUL,WEEKDAY,COMPLETED,NO_WEATHER_IMPACT,1,2025-11-27
4,5547,N910SW,0559,0758,4,0802,141,138,123,819,1105,11,0920,1116,2015,1,1,119,116,0,0,OO,ONT,DEN,NONE,0.00000,0.00000,0.00000,0.00000,116.00000,235,2025-11-27 05:45:15.100 -0800,LONG,MEDIUM_HAUL,WEEKDAY,COMPLETED,WEATHER_HIGH,0,2025-11-27
4,210,N830UA,0600,0556,14,0610,139,120,100,680,0650,6,0719,0656,2015,1,1,-4,-23,0,0,UA,MSP,DEN,NONE,0.00000,0.00000,0.00000,0.00000,0.00000,-27,2025-11-27 05:45:15.100 -0800,NO_DELAY,MEDIUM_HAUL,WEEKDAY,COMPLETED,NO_WEATHER_IMPACT,1,2025-11-27
4,214,N454UA,0600,0555,17,0612,170,172,146,956,0738,9,0750,0747,2015,1,1,-5,-3,0,0,UA,PBI,IAH,NONE,0.00000,0.00000,0.00000,0.00000,0.00000,-8,2025-11-27 05:45:15.100 -0800,NO_DELAY,MEDIUM_HAUL,WEEKDAY,COMPLETED,NO_WEATHER_IMPACT,1,2025-11-27
4,247,N462UA,0600,0751,31,0822,148,160,118,1009,1120,11,0928,1131,2015,1,1,111,123,0,0,UA,PHX,IAH,NONE,12.00000,0.00000,0.00000,0.00000,111.00000,234,2025-11-27 05:45:15.100 -0800,LONG,MEDIUM_HAUL,WEEKDAY,COMPLETED,WEATHER_HIGH,0,2025-11-27
4,256,N464UA,0600,0600,13,0613,156,155,133,861,0726,9,0736,0735,2015,1,1,0,-1,0,0,UA,RSW,IAH,NONE,0.00000,0.00000,0.00000,0.00000,0.00000,-1,2025-11-27 05:45:15.100 -0800,NO_DELAY,MEDIUM_HAUL,WEEKDAY,COMPLETED,NO_WEATHER_IMPACT,1,2025-11-27
4,319,N498UA,0600,0603,14,0617,173,152,135,937,0832,3,0853,0835,2015,1,1,3,-18,0,0,UA,EWR,MCO,NONE,0.00000,0.00000,0.00000,0.00000,0.00000,-15,2025-11-27 05:45:15.100 -0800,NO_DELAY,MEDIUM_HAUL,WEEKDAY,COMPLETED,NO_WEATHER_IMPACT,1,2025-11-27
4,374,N415UA,0600,0612,19,0631,97,79,57,416,0728,3,0737,0731,2015,1,1,12,-6,0,0,UA,OMA,ORD,NONE,0.00000,0.00000,0.00000,0.00000,0.00000,6,2025-11-27 05:45:15.100 -0800,SHORT,SHORT_HAUL,WEEKDAY,COMPLETED,NO_WEATHER_IMPACT,0,2025-11-27
4,635,N544UW,0600,0551,24,0615,110,131,90,647,0845,17,0850,0902,2015,1,1,-9,12,0,0,US,SMF,PHX,NONE,0.00000,0.00000,0.00000,0.00000,0.00000,3,2025-11-27 05:45:15.100 -0800,SHORT,MEDIUM_HAUL,WEEKDAY,COMPLETED,NO_WEATHER_IMPACT,0,2025-11-27
4,646,N654AW,0600,0558,28,0626,115,125,88,646,0854,9,0855,0903,2015,1,1,-2,8,0,0,US,OAK,PHX,NONE,0.00000,0.00000,0.00000,0.00000,0.00000,6,2025-11-27 05:45:15.100 -0800,SHORT,MEDIUM_HAUL,WEEKDAY,COMPLETED,NO_WEATHER_IMPACT,0,2025-11-27
4,1941,N708UW,0600,0555,11,0606,139,130,114,683,0800,5,0819,0805,2015,1,1,-5,-14,0,0,US,PVD,CLT,NONE,0.00000,0.00000,0.00000,0.00000,0.00000,-19,2025-11-27 05:45:15.100 -0800,NO_DELAY,MEDIUM_HAUL,WEEKDAY,COMPLETED,NO_WEATHER_IMPACT,1,2025-11-27
4,422,N847UA,0600,0557,22,0619,130,147,120,804,0919,5,0910,0924,2015,1,1,-3,14,0,0,UA,RNO,DEN,NONE,0.00000,0.00000,0.00000,0.00000,0.00000,11,2025-11-27 05:45:15.100 -0800,SHORT,MEDIUM_HAUL,WEEKDAY,COMPLETED,NO_WEATHER_IMPACT,0,2025-11-27
4,544,N831UA,0600,0622,19,0641,195,197,175,1117,0836,3,0815,0839,2015,1,1,22,24,0,0,UA,PIT,IAH,NONE,2.00000,0.00000,22.00000,0.00000,0.00000,46,2025-11-27 05:45:15.100 -0800,MEDIUM,MEDIUM_HAUL,WEEKDAY,COMPLETED,NO_WEATHER_IMPACT,0,2025-11-27
4,1016,N68807,0600,0552,11,0603,142,146,114,862,0857,21,0922,0918,2015,1,1,-8,-4,0,0,UA,DEN,IAH,NONE,0.00000,0.00000,0.00000,0.00000,0.00000,-12,2025-11-27 05:45:15.100 -0800,NO_DELAY,MEDIUM_HAUL,WEEKDAY,COMPLETED,NO_WEATHER_IMPACT,1,2025-11-27
4,4122,N486WN,0600,0556,17,0613,105,83,63,369,0716,3,0745,0719,2015,1,1,-4,-26,0,0,WN,BOS,BWI,NONE,0.00000,0.00000,0.00000,0.00000,0.00000,-30,2025-11-27 05:45:15.100 -0800,NO_DELAY,SHORT_HAUL,WEEKDAY,COMPLETED,NO_WEATHER_IMPACT,1,2025-11-27
4,4822,N293WN,0600,0602,10,0612,270,243,230,2106,1302,3,1330,1305,2015,1,1,2,-25,0,0,WN,LAS,BWI,NONE,0.00000,0.00000,0.00000,0.00000,0.00000,-23,2025-11-27 05:45:15.100 -0800,NO_DELAY,LONG_HAUL,WEEKDAY,COMPLETED,NO_WEATHER_IMPACT,1,2025-11-27
4,2215,N249WN,0600,0607,29,0636,120,135,103,759,0919,3,0900,0922,2015,1,1,7,22,0,0,WN,ABQ,HOU,NONE,15.00000,0.00000,7.00000,0.00000,0.00000,29,2025-11-27 05:45:15.100 -0800,MEDIUM,MEDIUM_HAUL,WEEKDAY,COMPLETED,NO_WEATHER_IMPACT,0,2025-11-27
4,676,N630WN,0600,0601,9,0610,95,88,76,507,0726,3,0735,0729,2015,1,1,1,-6,0,0,WN,PHX,SLC,NONE,0.00000,0.00000,0.00000,0.00000,0.00000,-5,2025-11-27 05:45:15.100 -0800,NO_DELAY,MEDIUM_HAUL,WEEKDAY,COMPLETED,NO_WEATHER_IMPACT,1,2025-11-27
4,2787,N910WN,0600,0559,9,0608,170,145,132,994,0820,4,0850,0824,2015,1,1,-1,-26,0,0,WN,PIT,FLL,NONE,0.00000,0.00000,0.00000,0.00000,0.00000,-27,2025-11-27 05:45:15.100 -0800,NO_DELAY,MEDIUM_HAUL,WEEKDAY,COMPLETED,NO_WEATHER_IMPACT,1,2025-11-27
4,4859,N8641B,0600,0606,11,0617,100,81,63,327,0720,7,0740,0727,2015,1,1,6,-13,0,0,WN,PVD,BWI,NONE,0.00000,0.00000,0.00000,0.00000,0.00000,-7,2025-11-27 05:45:15.100 -0800,NO_DELAY,SHORT_HAUL,WEEKDAY,COMPLETED,NO_WEATHER_IMPACT,1,2025-11-27
4,597,N768SW,0600,0554,9,0603,280,270,253,2139,1316,8,1340,1324,2015,1,1,-6,-16,0,0,WN,SFO,ATL,NONE,0.00000,0.00000,0.00000,0.00000,0.00000,-22,2025-11-27 05:45:15.100 -0800,NO_DELAY,LONG_HAUL,WEEKDAY,COMPLETED,NO_WEATHER_IMPACT,1,2025-11-27
4,1158,N73445,0600,0557,21,0618,257,256,222,1846,1200,13,1217,1213,2015,1,1,-3,-4,0,0,UA,SFO,ORD,NONE,0.00000,0.00000,0.00000,0.00000,0.00000,-7,2025-11-27 05:45:15.100 -0800,NO_DELAY,LONG_HAUL,WEEKDAY,COMPLETED,NO_WEATHER_IMPACT,1,2025-11-27
4,1163,N24224,0600,0555,10,0605,154,141,126,937,0811,5,0834,0816,2015,1,1,-5,-18,0,0,UA,MCO,EWR,NONE,0.00000,0.00000,0.00000,0.00000,0.00000,-23,2025-11-27 05:45:15.100 -0800,NO_DELAY,MEDIUM_HAUL,WEEKDAY,COMPLETED,NO_WEATHER_IMPACT,1,2025-11-27
4,1188,N68822,0600,0613,11,0624,244,242,224,1825,1208,7,1204,1215,2015,1,1,13,11,0,0,UA,PDX,IAH,NONE,0.00000,0.00000,0.00000,0.00000,0.00000,24,2025-11-27 05:45:15.100 -0800,MEDIUM,LONG_HAUL,WEEKDAY,COMPLETED,NO_WEATHER_IMPACT,0,2025-11-27
4,1198,N38451,0600,0557,13,0610,173,165,146,867,0736,6,0753,0742,2015,1,1,-3,-11,0,0,UA,BOS,ORD,NONE,0.00000,0.00000,0.00000,0.00000,0.00000,-14,2025-11-27 05:45:15.100 -0800,NO_DELAY,MEDIUM_HAUL,WEEKDAY,COMPLETED,NO_WEATHER_IMPACT,1,2025-11-27
3,30001,TEST30001,1200,1300,10,1310,300,280,250,2475,1410,3,1440,1425,2015,1,20,100,100,0,0,AA,JFK,LAX,NONE,0.00000,0.00000,0.00000,0.00000,0.00000,100,2025-11-27 05:52:56.848 -0800,SEVERE,LONG_HAUL,WEEKDAY,DELAYED,NO_WEATHER_IMPACT,0,2025-11-27
4,50002,TAIL50002,900,905,10,915,120,110,90,600,1050,5,1030,1020,2015,3,12,5,-10,0,0,DL,ATL,MIA,NONE,0.00000,0.00000,0.00000,0.00000,0.00000,-10,2025-11-27 08:22:12.250 -0800,NO_DELAY,SHORT_HAUL,WEEKDAY,COMPLETED,NO_WEATHER_IMPACT,1,2025-11-27
4,50002,TAIL50002,900,945,12,957,120,110,90,600,1050,3,1100,1050,2015,3,12,45,50,0,0,DL,ATL,MIA,NONE,0.00000,0.00000,10.00000,5.00000,0.00000,35,2025-11-27 08:22:33.108 -0800,MODERATE,SHORT_HAUL,WEEKDAY,DELAYED,NO_WEATHER_IMPACT,0,2025-11-27
4,50002,TAIL50002,900,945,12,957,120,110,90,600,1050,3,1100,1050,2015,3,12,45,50,0,0,DL,ATL,MIA,NONE,0.00000,0.00000,10.00000,5.00000,0.00000,35,2025-11-27 08:23:28.723 -0800,MODERATE,SHORT_HAUL,WEEKDAY,DELAYED,NO_WEATHER_IMPACT,0,2025-11-27
4,50002,TAIL50002,900,905,10,915,120,110,90,600,1050,5,1030,1020,2015,3,12,5,-10,0,0,DL,ATL,MIA,NONE,0.00000,0.00000,0.00000,0.00000,0.00000,-10,2025-11-27 08:40:35.330 -0800,NO_DELAY,SHORT_HAUL,WEEKDAY,COMPLETED,NO_WEATHER_IMPACT,1,2025-11-27
4,50002,TAIL50002,900,945,12,957,120,110,90,600,1050,3,1100,1050,2015,3,12,45,50,0,0,DL,ATL,MIA,NONE,0.00000,0.00000,10.00000,5.00000,0.00000,35,2025-11-27 08:40:43.559 -0800,MODERATE,SHORT_HAUL,WEEKDAY,DELAYED,NO_WEATHER_IMPACT,0,2025-11-27
4,50002,TAIL50002,900,905,10,915,120,110,90,600,1050,5,1030,1020,2015,3,12,5,-10,0,0,DL,ATL,MIA,NONE,0.00000,0.00000,0.00000,0.00000,0.00000,-10,2025-11-27 08:41:52.059 -0800,NO_DELAY,SHORT_HAUL,WEEKDAY,COMPLETED,NO_WEATHER_IMPACT,1,2025-11-27
4,50002,TAIL50002,900,905,10,915,120,110,90,600,1050,5,1030,1020,2015,3,12,5,-10,0,0,DL,ATL,MIA,NONE,0.00000,0.00000,0.00000,0.00000,0.00000,-10,2025-11-27 08:42:29.116 -0800,NO_DELAY,SHORT_HAUL,WEEKDAY,COMPLETED,NO_WEATHER_IMPACT,1,2025-11-27
4,50002,TAIL50002,900,945,12,957,120,110,90,600,1050,3,1100,1050,2015,3,12,45,50,0,0,DL,ATL,MIA,NONE,0.00000,0.00000,10.00000,5.00000,0.00000,35,2025-11-27 08:42:53.881 -0800,MODERATE,SHORT_HAUL,WEEKDAY,DELAYED,NO_WEATHER_IMPACT,0,2025-11-27
4,50002,TAIL50002,900,945,12,957,120,110,90,600,1050,3,1100,1050,2015,3,12,45,50,0,0,DL,ATL,MIA,NONE,0.00000,0.00000,10.00000,5.00000,0.00000,35,2025-11-27 08:43:22.237 -0800,MODERATE,SHORT_HAUL,WEEKDAY,DELAYED,NO_WEATHER_IMPACT,0,2025-11-27
4,50002,TAIL50002,900,905,10,915,120,110,90,600,1050,5,1030,1020,2015,3,12,5,-10,0,0,DL,ATL,MIA,NONE,0.00000,0.00000,0.00000,0.00000,0.00000,-10,2025-11-27 08:45:33.112 -0800,NO_DELAY,SHORT_HAUL,WEEKDAY,COMPLETED,NO_WEATHER_IMPACT,1,2025-11-27
4,50002,TAIL50002,900,945,12,957,120,110,90,600,1050,3,1100,1050,2015,3,12,45,50,0,0,DL,ATL,MIA,NONE,0.00000,0.00000,10.00000,5.00000,0.00000,35,2025-11-27 08:46:05.488 -0800,MODERATE,SHORT_HAUL,WEEKDAY,DELAYED,NO_WEATHER_IMPACT,0,2025-11-27
4,50002,TAIL50002,900,945,12,957,120,110,90,600,1050,3,1100,1050,2015,3,12,45,50,0,0,DL,ATL,MIA,NONE,0.00000,0.00000,10.00000,5.00000,0.00000,35,2025-11-27 08:47:40.583 -0800,MODERATE,SHORT_HAUL,WEEKDAY,DELAYED,NO_WEATHER_IMPACT,0,2025-11-27
4,50002,TAIL50002,900,905,10,915,120,110,90,600,1050,5,1030,1020,2015,3,12,5,-10,0,0,DL,ATL,MIA,NONE,0.00000,0.00000,0.00000,0.00000,0.00000,-10,2025-11-27 08:52:15.984 -0800,NO_DELAY,SHORT_HAUL,WEEKDAY,COMPLETED,NO_WEATHER_IMPACT,1,2025-11-27
4,50002,TAIL50002,900,945,12,957,120,110,90,600,1050,3,1100,1050,2015,3,12,45,50,0,0,DL,ATL,MIA,NONE,0.00000,0.00000,10.00000,5.00000,0.00000,35,2025-11-27 08:52:44.285 -0800,MODERATE,SHORT_HAUL,WEEKDAY,DELAYED,NO_WEATHER_IMPACT,0,2025-11-27
4,50002,TAIL50002,900,945,12,957,120,110,90,600,1050,3,1100,1050,2015,3,12,45,50,0,0,DL,ATL,MIA,NONE,0.00000,0.00000,10.00000,5.00000,0.00000,35,2025-11-27 09:01:54.362 -0800,MODERATE,SHORT_HAUL,WEEKDAY,DELAYED,NO_WEATHER_IMPACT,0,2025-11-27
3,40001,TAIL40001,1400,1410,12,1422,240,230,205,1846,1837,5,1845,1842,2015,2,10,10,-3,0,0,UA,SFO,ORD,NONE,0.00000,0.00000,0.00000,0.00000,0.00000,-3,2025-11-28 02:08:27.288 -0800,NO_DELAY,MEDIUM_HAUL,WEEKDAY,COMPLETED,NO_WEATHER_IMPACT,1,2025-11-28
3,40001,TAIL40001,1400,1500,15,1515,240,230,200,1846,1835,6,1900,1855,2015,2,10,60,45,0,0,UA,SFO,ORD,NONE,0.00000,0.00000,30.00000,15.00000,0.00000,45,2025-11-28 02:09:25.517 -0800,SEVERE,MEDIUM_HAUL,WEEKDAY,DELAYED,NO_WEATHER_IMPACT,0,2025-11-28
3,40001,TAIL40001,1400,1410,12,1422,240,230,205,1846,1837,5,1845,1842,2015,2,10,10,-3,0,0,UA,SFO,ORD,NONE,0.00000,0.00000,0.00000,0.00000,0.00000,-3,2025-11-28 02:10:53.421 -0800,NO_DELAY,MEDIUM_HAUL,WEEKDAY,COMPLETED,NO_WEATHER_IMPACT,1,2025-11-28
3,40001,TAIL40001,1400,1410,12,1422,240,230,205,1846,1837,5,1845,1842,2015,2,10,10,-3,0,0,UA,SFO,ORD,NONE,0.00000,0.00000,0.00000,0.00000,0.00000,-3,2025-11-28 02:11:34.553 -0800,NO_DELAY,MEDIUM_HAUL,WEEKDAY,COMPLETED,NO_WEATHER_IMPACT,1,2025-11-28
3,40001,TAIL40001,1400,1500,15,1515,240,230,200,1846,1835,6,1900,1855,2015,2,10,60,45,0,0,UA,SFO,ORD,NONE,0.00000,0.00000,30.00000,15.00000,0.00000,45,2025-11-28 02:11:45.360 -0800,SEVERE,MEDIUM_HAUL,WEEKDAY,DELAYED,NO_WEATHER_IMPACT,0,2025-11-28
3,40001,TAIL40001,1400,1500,15,1515,240,230,200,1846,1835,6,1900,1855,2015,2,10,60,45,0,0,UA,SFO,ORD,NONE,0.00000,0.00000,30.00000,15.00000,0.00000,45,2025-11-28 02:12:05.079 -0800,SEVERE,MEDIUM_HAUL,WEEKDAY,DELAYED,NO_WEATHER_IMPACT,0,2025-11-28
3,40001,TAIL40001,1400,1500,15,1515,240,230,200,1846,1835,6,1900,1855,2015,2,10,60,45,0,0,UA,SFO,ORD,NONE,0.00000,0.00000,30.00000,15.00000,0.00000,45,2025-11-28 02:16:18.368 -0800,SEVERE,MEDIUM_HAUL,WEEKDAY,DELAYED,NO_WEATHER_IMPACT,0,2025-11-28
3,40001,TAIL40001,1400,1410,12,1422,240,230,205,1846,1837,5,1845,1842,2015,2,10,10,-3,0,0,UA,SFO,ORD,NONE,0.00000,0.00000,0.00000,0.00000,0.00000,-3,2025-11-28 02:16:43.961 -0800,NO_DELAY,MEDIUM_HAUL,WEEKDAY,COMPLETED,NO_WEATHER_IMPACT,1,2025-11-28
3,40001,TAIL40001,1400,1500,15,1515,240,230,200,1846,1835,6,1900,1855,2015,2,10,60,45,0,0,UA,SFO,ORD,NONE,0.00000,0.00000,30.00000,15.00000,0.00000,45,2025-11-28 02:17:36.095 -0800,SEVERE,MEDIUM_HAUL,WEEKDAY,DELAYED,NO_WEATHER_IMPACT,0,2025-11-28
3,40001,TAIL40001,1400,1410,12,1422,240,230,205,1846,1837,5,1845,1842,2015,2,10,10,-3,0,0,UA,SFO,ORD,NONE,0.00000,0.00000,0.00000,0.00000,0.00000,-3,2025-11-28 02:35:15.622 -0800,NO_DELAY,MEDIUM_HAUL,WEEKDAY,COMPLETED,NO_WEATHER_IMPACT,1,2025-11-28
3,40001,TAIL40001,1400,1500,15,1515,240,230,200,1846,1835,6,1900,1855,2015,2,10,60,45,0,0,UA,SFO,ORD,NONE,0.00000,0.00000,30.00000,15.00000,0.00000,45,2025-11-28 02:35:23.660 -0800,SEVERE,MEDIUM_HAUL,WEEKDAY,DELAYED,NO_WEATHER_IMPACT,0,2025-11-28
3,40001,TAIL40001,1400,1500,15,1515,240,230,200,1846,1835,6,1900,1855,2015,2,10,60,45,0,0,UA,SFO,ORD,NONE,0.00000,0.00000,30.00000,15.00000,0.00000,45,2025-11-28 02:35:33.308 -0800,SEVERE,MEDIUM_HAUL,WEEKDAY,DELAYED,NO_WEATHER_IMPACT,0,2025-11-28
3,40001,TAIL40001,1400,1410,12,1422,240,230,205,1846,1837,5,1845,1842,2015,2,10,10,-3,0,0,UA,SFO,ORD,NONE,0.00000,0.00000,0.00000,0.00000,0.00000,-3,2025-11-30 22:38:12.692 -0800,NO_DELAY,MEDIUM_HAUL,WEEKDAY,COMPLETED,NO_WEATHER_IMPACT,1,2025-11-30
3,40001,TAIL40001,1400,1500,15,1515,240,230,200,1846,1835,6,1900,1855,2015,2,10,60,45,0,0,UA,SFO,ORD,NONE,0.00000,0.00000,30.00000,15.00000,0.00000,45,2025-11-30 22:38:29.548 -0800,SEVERE,MEDIUM_HAUL,WEEKDAY,DELAYED,NO_WEATHER_IMPACT,0,2025-11-30
3,40001,TAIL40001,1400,1500,15,1515,240,230,200,1846,1835,6,1900,1855,2015,2,10,60,45,0,0,UA,SFO,ORD,NONE,0.00000,0.00000,30.00000,15.00000,0.00000,45,2025-11-30 22:38:54.557 -0800,SEVERE,MEDIUM_HAUL,WEEKDAY,DELAYED,NO_WEATHER_IMPACT,0,2025-11-30
3,60001,TAIL40001,1400,1410,12,1422,240,230,205,1846,1837,5,1845,1842,2015,2,10,10,-3,0,0,UA,SFO,ORD,NONE,0.00000,0.00000,0.00000,0.00000,0.00000,-3,2025-11-30 22:46:20.766 -0800,NO_DELAY,MEDIUM_HAUL,WEEKDAY,COMPLETED,NO_WEATHER_IMPACT,1,2025-11-30
3,60001,TAIL40001,1400,1500,15,1515,240,230,200,1846,1835,6,1900,1855,2015,2,10,60,45,0,0,UA,SFO,ORD,NONE,0.00000,0.00000,30.00000,15.00000,0.00000,45,2025-11-30 22:46:53.794 -0800,SEVERE,MEDIUM_HAUL,WEEKDAY,DELAYED,NO_WEATHER_IMPACT,0,2025-11-30
3,60001,TAIL40001,1400,1500,15,1515,240,230,200,1846,1835,6,1900,1855,2015,2,10,60,45,0,0,UA,SFO,ORD,NONE,0.00000,0.00000,30.00000,15.00000,0.00000,45,2025-11-30 22:47:18.187 -0800,SEVERE,MEDIUM_HAUL,WEEKDAY,DELAYED,NO_WEATHER_IMPACT,0,2025-11-30
3,40001,TAIL40001,1400,1410,12,1422,240,230,205,1846,1837,5,1845,1842,2015,2,10,10,-3,0,0,UA,SFO,ORD,NONE,0.00000,0.00000,0.00000,0.00000,0.00000,-3,2025-11-30 22:50:46.271 -0800,NO_DELAY,MEDIUM_HAUL,WEEKDAY,COMPLETED,NO_WEATHER_IMPACT,1,2025-11-30
3,40001,TAIL40001,1400,1500,15,1515,240,230,200,1846,1835,6,1900,1855,2015,2,10,60,45,0,0,UA,SFO,ORD,NONE,0.00000,0.00000,30.00000,15.00000,0.00000,45,2025-11-30 22:51:06.362 -0800,SEVERE,MEDIUM_HAUL,WEEKDAY,DELAYED,NO_WEATHER_IMPACT,0,2025-11-30
3,40001,TAIL40001,1400,1410,12,1422,240,230,205,1846,1837,5,1845,1842,2015,2,10,10,-3,0,0,UA,SFO,ORD,NONE,0.00000,0.00000,0.00000,0.00000,0.00000,-3,2025-11-30 22:52:27.046 -0800,NO_DELAY,MEDIUM_HAUL,WEEKDAY,COMPLETED,NO_WEATHER_IMPACT,1,2025-11-30
3,40001,TAIL40001,1400,1410,12,1422,240,230,205,1846,1837,5,1845,1842,2015,2,10,10,-3,0,0,UA,SFO,ORD,NONE,0.00000,0.00000,0.00000,0.00000,0.00000,-3,2025-11-30 22:53:12.272 -0800,NO_DELAY,MEDIUM_HAUL,WEEKDAY,COMPLETED,NO_WEATHER_IMPACT,1,2025-11-30
3,40001,TAIL40001,1400,1500,15,1515,240,230,200,1846,1835,6,1900,1855,2015,2,10,60,45,0,0,UA,SFO,ORD,NONE,0.00000,0.00000,30.00000,15.00000,0.00000,45,2025-11-30 22:53:20.437 -0800,SEVERE,MEDIUM_HAUL,WEEKDAY,DELAYED,NO_WEATHER_IMPACT,0,2025-11-30
3,60001,TAIL40001,1400,1410,12,1422,240,230,205,1846,1837,5,1845,1842,2015,2,10,10,-3,0,0,UA,SFO,ORD,NONE,0.00000,0.00000,0.00000,0.00000,0.00000,-3,2025-11-30 22:55:38.226 -0800,NO_DELAY,MEDIUM_HAUL,WEEKDAY,COMPLETED,NO_WEATHER_IMPACT,1,2025-11-30
3,60001,TAIL40001,1400,1500,15,1515,240,230,200,1846,1835,6,1900,1855,2015,2,10,60,45,0,0,UA,SFO,ORD,NONE,0.00000,0.00000,30.00000,15.00000,0.00000,45,2025-11-30 22:57:04.035 -0800,SEVERE,MEDIUM_HAUL,WEEKDAY,DELAYED,NO_WEATHER_IMPACT,0,2025-11-30
3,60001,TAIL40001,1400,1500,15,1515,240,230,200,1846,1835,6,1900,1855,2015,2,10,60,45,0,0,UA,SFO,ORD,NONE,0.00000,0.00000,30.00000,15.00000,0.00000,45,2025-11-30 22:58:21.201 -0800,SEVERE,MEDIUM_HAUL,WEEKDAY,DELAYED,NO_WEATHER_IMPACT,0,2025-11-30
3,60001,TAIL40001,1400,1500,15,1515,240,230,200,1846,1835,6,1900,1855,2015,2,10,60,45,0,0,UA,SFO,ORD,NONE,0.00000,0.00000,30.00000,15.00000,0.00000,45,2025-11-30 23:04:26.694 -0800,SEVERE,MEDIUM_HAUL,WEEKDAY,DELAYED,NO_WEATHER_IMPACT,0,2025-11-30
3,60001,TAIL40001,1400,1500,15,1515,240,230,200,1846,1835,6,1900,1855,2015,2,10,60,45,0,0,UA,SFO,ORD,NONE,0.00000,0.00000,30.00000,15.00000,0.00000,45,2025-11-30 23:07:05.892 -0800,SEVERE,MEDIUM_HAUL,WEEKDAY,DELAYED,NO_WEATHER_IMPACT,0,2025-11-30
3,60001,TAIL40001,1400,1500,15,1515,240,230,200,1846,1835,6,1900,1855,2015,2,10,60,45,0,0,UA,SFO,ORD,NONE,0.00000,0.00000,20.00000,10.00000,0.00000,45,2025-11-30 23:08:12.866 -0800,SEVERE,MEDIUM_HAUL,WEEKDAY,DELAYED,NO_WEATHER_IMPACT,0,2025-11-30
3,60001,TAIL40001,1400,1410,12,1422,240,230,205,1846,1837,5,1845,1842,2015,2,10,10,-3,0,0,UA,SFO,ORD,NONE,0.00000,0.00000,0.00000,0.00000,0.00000,-3,2025-11-30 23:11:03.385 -0800,NO_DELAY,MEDIUM_HAUL,WEEKDAY,COMPLETED,NO_WEATHER_IMPACT,1,2025-11-30
3,60001,TAIL40001,1400,1500,15,1515,240,230,200,1846,1835,6,1900,1855,2015,2,10,60,45,0,0,UA,SFO,ORD,NONE,0.00000,0.00000,30.00000,15.00000,0.00000,45,2025-11-30 23:12:05.098 -0800,SEVERE,MEDIUM_HAUL,WEEKDAY,DELAYED,NO_WEATHER_IMPACT,0,2025-11-30
3,60001,TAIL40001,1400,1500,15,1515,240,230,200,1846,1835,6,1900,1855,2015,2,10,60,45,0,0,UA,SFO,ORD,NONE,0.00000,0.00000,30.00000,15.00000,0.00000,45,2025-11-30 23:13:19.935 -0800,SEVERE,MEDIUM_HAUL,WEEKDAY,DELAYED,NO_WEATHER_IMPACT,0,2025-11-30
