DATE_SK,AIRLINE_SK,ORIGIN_AIRPORT_SK,DESTINATION_AIRPORT_SK,DEPARTURE_DELAY,ARRIVAL_DELAY,TOTAL_DELAY,AIR_SYSTEM_DELAY,SECURITY_DELAY,AIRLINE_DELAY,LATE_AIRCRAFT_DELAY,WEATHER_DELAY,DISTANCE,CANCELLED,DIVERTED,ON_TIME_FLAG,LOAD_TIMESTAMP,FLIGHT_DATE
7eb78036004e735c5fd01175d35ece0a,a2c29192484301fa800100e16e494acf,00a25a0eed961a97a2a312ed96b66a23,9abd3d9b983e99aa1fd94837498b0bea,-11,-22,-33,0.00000,0.00000,0.00000,0.00000,0.00000,1448,0,0,1,2025-11-27 05:45:15.100 -0800,2015-01-01
7eb78036004e735c5fd01175d35ece0a,3b98e2dffc6cb06a89dcb0d5c60a0206,1656b5b29550d4c6dd8ba4dee070f631,a168707a04e052b73d2c4677f8891c7f,-8,-9,-17,0.00000,0.00000,0.00000,0.00000,0.00000,2330,0,0,1,2025-11-27 05:45:15.100 -0800,2015-01-01
7eb78036004e735c5fd01175d35ece0a,7516fd43adaa5e0b8a65a672c39845d2,f3b69be0f57a9519705082d49cc75ed6,5cd6e4fb660220e97088efe8987a0f7f,-2,5,3,0.00000,0.00000,0.00000,0.00000,0.00000,2296,0,0,0,2025-11-27 05:45:15.100 -0800,2015-01-01
7eb78036004e735c5fd01175d35ece0a,3b98e2dffc6cb06a89dcb0d5c60a0206,1656b5b29550d4c6dd8ba4dee070f631,637d536065e18d89c0f1c21fce509ce1,-5,-9,-14,0.00000,0.00000,0.00000,0.00000,0.00000,2342,0,0,1,2025-11-27 05:45:15.100 -0800,2015-01-01
7eb78036004e735c5fd01175d35ece0a,a2c29192484301fa800100e16e494acf,9abd3d9b983e99aa1fd94837498b0bea,00a25a0eed961a97a2a312ed96b66a23,-1,-21,-22,0.00000,0.00000,0.00000,0.00000,0.00000,1448,0,0,1,2025-11-27 05:45:15.100 -0800,2015-01-01
7eb78036004e735c5fd01175d35ece0a,f5ce9f5cb682a1f863d5a8c51ac28683,f3b69be0f57a9519705082d49cc75ed6,4b6544406098f683478fca26b2589e6d,-5,8,3,0.00000,0.00000,0.00000,0.00000,0.00000,1589,0,0,0,2025-11-27 05:45:15.100 -0800,2015-01-01
7eb78036004e735c5fd01175d35ece0a,93437597656efdb384976096b6261386,f1f5aacec9d4156166560b9a5cb62640,4b6544406098f683478fca26b2589e6d,-6,-17,-23,0.00000,0.00000,0.00000,0.00000,0.00000,1299,0,0,1,2025-11-27 05:45:15.100 -0800,2015-01-01
7eb78036004e735c5fd01175d35ece0a,7516fd43adaa5e0b8a65a672c39845d2,1656b5b29550d4c6dd8ba4dee070f631,5cd6e4fb660220e97088efe8987a0f7f,14,-10,4,0.00000,0.00000,0.00000,0.00000,0.00000,2125,0,0,0,2025-11-27 05:45:15.100 -0800,2015-01-01
7eb78036004e735c5fd01175d35ece0a,3b98e2dffc6cb06a89dcb0d5c60a0206,f3b69be0f57a9519705082d49cc75ed6,af4e41ea70cda97b3e606647516dd6db,-11,-13,-24,0.00000,0.00000,0.00000,0.00000,0.00000,1464,0,0,1,2025-11-27 05:45:15.100 -0800,2015-01-01
7eb78036004e735c5fd01175d35ece0a,f5ce9f5cb682a1f863d5a8c51ac28683,f1f5aacec9d4156166560b9a5cb62640,c25c66f8ac4fc39070aaa75c4c58c91a,3,-15,-12,0.00000,0.00000,0.00000,0.00000,0.00000,1747,0,0,1,2025-11-27 05:45:15.100 -0800,2015-01-01
7eb78036004e735c5fd01175d35ece0a,f5ce9f5cb682a1f863d5a8c51ac28683,d622dafa9ced7bbde05af58d76115475,c25c66f8ac4fc39070aaa75c4c58c91a,-6,-30,-36,0.00000,0.00000,0.00000,0.00000,0.00000,1199,0,0,1,2025-11-27 05:45:15.100 -0800,2015-01-01
7eb78036004e735c5fd01175d35ece0a,3b98e2dffc6cb06a89dcb0d5c60a0206,f1f5aacec9d4156166560b9a5cb62640,637d536065e18d89c0f1c21fce509ce1,-8,-10,-18,0.00000,0.00000,0.00000,0.00000,0.00000,2174,0,0,1,2025-11-27 05:45:15.100 -0800,2015-01-01
7eb78036004e735c5fd01175d35ece0a,f5ce9f5cb682a1f863d5a8c51ac28683,1656b5b29550d4c6dd8ba4dee070f631,4b6544406098f683478fca26b2589e6d,0,-4,-4,0.00000,0.00000,0.00000,0.00000,0.00000,1535,0,0,1,2025-11-27 05:45:15.100 -0800,2015-01-01
7eb78036004e735c5fd01175d35ece0a,f5ce9f5cb682a1f863d5a8c51ac28683,6bad82127b1712ba0e58b7d10e8e30df,c25c66f8ac4fc39070aaa75c4c58c91a,-6,-22,-28,0.00000,0.00000,0.00000,0.00000,0.00000,1590,0,0,1,2025-11-27 05:45:15.100 -0800,2015-01-01
7eb78036004e735c5fd01175d35ece0a,f5ce9f5cb682a1f863d5a8c51ac28683,9abd3d9b983e99aa1fd94837498b0bea,4b6544406098f683478fca26b2589e6d,-1,8,7,0.00000,0.00000,0.00000,0.00000,0.00000,1399,0,0,0,2025-11-27 05:45:15.100 -0800,2015-01-01
7eb78036004e735c5fd01175d35ece0a,a2c29192484301fa800100e16e494acf,00a25a0eed961a97a2a312ed96b66a23,9abd3d9b983e99aa1fd94837498b0bea,-4,-14,-18,0.00000,0.00000,0.00000,0.00000,0.00000,1448,0,0,1,2025-11-27 05:45:15.100 -0800,2015-01-01
7eb78036004e735c5fd01175d35ece0a,f5ce9f5cb682a1f863d5a8c51ac28683,00a25a0eed961a97a2a312ed96b66a23,9abd3d9b983e99aa1fd94837498b0bea,-14,-24,-38,0.00000,0.00000,0.00000,0.00000,0.00000,1448,0,0,1,2025-11-27 05:45:15.100 -0800,2015-01-01
7eb78036004e735c5fd01175d35ece0a,3943d8795e03e8e3307b5b71eac1b669,f3b69be0f57a9519705082d49cc75ed6,16398053b0ee1ac75460202a32bee818,-6,-7,-13,0.00000,0.00000,0.00000,0.00000,0.00000,1635,0,0,1,2025-11-27 05:45:15.100 -0800,2015-01-01
7eb78036004e735c5fd01175d35ece0a,a2c29192484301fa800100e16e494acf,00a25a0eed961a97a2a312ed96b66a23,08a601c7e8befa1393c348508a878db1,-4,-18,-22,0.00000,0.00000,0.00000,0.00000,0.00000,1542,0,0,1,2025-11-27 05:45:15.100 -0800,2015-01-01
7eb78036004e735c5fd01175d35ece0a,f5ce9f5cb682a1f863d5a8c51ac28683,08a601c7e8befa1393c348508a878db1,4b6544406098f683478fca26b2589e6d,-5,-12,-17,0.00000,0.00000,0.00000,0.00000,0.00000,1426,0,0,1,2025-11-27 05:45:15.100 -0800,2015-01-01
7eb78036004e735c5fd01175d35ece0a,93437597656efdb384976096b6261386,f1f5aacec9d4156166560b9a5cb62640,f046b60ddd9950a7fb55d24968b9a53c,25,6,31,0.00000,0.00000,0.00000,0.00000,0.00000,1139,0,0,0,2025-11-27 05:45:15.100 -0800,2015-01-01
7eb78036004e735c5fd01175d35ece0a,3b98e2dffc6cb06a89dcb0d5c60a0206,9abd3d9b983e99aa1fd94837498b0bea,637d536065e18d89c0f1c21fce509ce1,-8,1,-7,0.00000,0.00000,0.00000,0.00000,0.00000,2724,0,0,1,2025-11-27 05:45:15.100 -0800,2015-01-01
7eb78036004e735c5fd01175d35ece0a,93437597656efdb384976096b6261386,f1f5aacec9d4156166560b9a5cb62640,af4e41ea70cda97b3e606647516dd6db,-1,-1,-2,0.00000,0.00000,0.00000,0.00000,0.00000,1055,0,0,1,2025-11-27 05:45:15.100 -0800,2015-01-01
7eb78036004e735c5fd01175d35ece0a,3b98e2dffc6cb06a89dcb0d5c60a0206,1656b5b29550d4c6dd8ba4dee070f631,637d536065e18d89c0f1c21fce509ce1,-2,-12,-14,0.00000,0.00000,0.00000,0.00000,0.00000,2342,0,0,1,2025-11-27 05:45:15.100 -0800,2015-01-01
7eb78036004e735c5fd01175d35ece0a,f5ce9f5cb682a1f863d5a8c51ac28683,f1f5aacec9d4156166560b9a5cb62640,4b6544406098f683478fca26b2589e6d,-3,-23,-26,0.00000,0.00000,0.00000,0.00000,0.00000,1299,0,0,1,2025-11-27 05:45:15.100 -0800,2015-01-01
7eb78036004e735c5fd01175d35ece0a,3943d8795e03e8e3307b5b71eac1b669,1656b5b29550d4c6dd8ba4dee070f631,16398053b0ee1ac75460202a32bee818,-3,-11,-14,0.00000,0.00000,0.00000,0.00000,0.00000,1379,0,0,1,2025-11-27 05:45:15.100 -0800,2015-01-01
7eb78036004e735c5fd01175d35ece0a,a2c29192484301fa800100e16e494acf,58f2f62b0cd18a2eb6f9f1819fda82f8,9abd3d9b983e99aa1fd94837498b0bea,-8,-3,-11,0.00000,0.00000,0.00000,0.00000,0.00000,1533,0,0,1,2025-11-27 05:45:15.100 -0800,2015-01-01
7eb78036004e735c5fd01175d35ece0a,93437597656efdb384976096b6261386,4b6544406098f683478fca26b2589e6d,41bf80d3ffe05d483ff2a339f8eac566,12,25,37,25.00000,0.00000,0.00000,0.00000,0.00000,1487,0,0,0,2025-11-27 05:45:15.100 -0800,2015-01-01
7eb78036004e735c5fd01175d35ece0a,7516fd43adaa5e0b8a65a672c39845d2,f1f5aacec9d4156166560b9a5cb62640,5cd6e4fb660220e97088efe8987a0f7f,-10,-31,-41,0.00000,0.00000,0.00000,0.00000,0.00000,1916,0,0,1,2025-11-27 05:45:15.100 -0800,2015-01-01
7eb78036004e735c5fd01175d35ece0a,3b98e2dffc6cb06a89dcb0d5c60a0206,d622dafa9ced7bbde05af58d76115475,637d536065e18d89c0f1c21fce509ce1,21,2,23,0.00000,0.00000,0.00000,0.00000,0.00000,1709,0,0,0,2025-11-27 05:45:15.100 -0800,2015-01-01
7eb78036004e735c5fd01175d35ece0a,93437597656efdb384976096b6261386,1375575710990aaefeb0228d672c5521,c23431d0209648a6b31fa837dd56d681,72,43,115,43.00000,0.00000,0.00000,0.00000,0.00000,1440,0,0,0,2025-11-27 05:45:15.100 -0800,2015-01-01
7eb78036004e735c5fd01175d35ece0a,3b98e2dffc6cb06a89dcb0d5c60a0206,1375575710990aaefeb0228d672c5521,637d536065e18d89c0f1c21fce509ce1,-11,-16,-27,0.00000,0.00000,0.00000,0.00000,0.00000,1972,0,0,1,2025-11-27 05:45:15.100 -0800,2015-01-01
7eb78036004e735c5fd01175d35ece0a,a2c29192484301fa800100e16e494acf,00a25a0eed961a97a2a312ed96b66a23,9abd3d9b983e99aa1fd94837498b0bea,,,,0.00000,0.00000,0.00000,0.00000,0.00000,1448,1,0,0,2025-11-27 05:45:15.100 -0800,2015-01-01
7eb78036004e735c5fd01175d35ece0a,f5ce9f5cb682a1f863d5a8c51ac28683,6bad82127b1712ba0e58b7d10e8e30df,c25c66f8ac4fc39070aaa75c4c58c91a,-6,10,4,0.00000,0.00000,0.00000,0.00000,0.00000,1590,0,0,0,2025-11-27 05:45:15.100 -0800,2015-01-01
7eb78036004e735c5fd01175d35ece0a,93437597656efdb384976096b6261386,f1f5aacec9d4156166560b9a5cb62640,16398053b0ee1ac75460202a32bee818,-4,-4,-8,0.00000,0.00000,0.00000,0.00000,0.00000,1222,0,0,1,2025-11-27 05:45:15.100 -0800,2015-01-01
7eb78036004e735c5fd01175d35ece0a,594c16ca0695f6665d7cf4971707adf6,f1f5aacec9d4156166560b9a5cb62640,a5bc417468d5c8c378672f6bdd2e0c90,0,15,15,0.00000,0.00000,15.00000,0.00000,0.00000,2762,0,0,0,2025-11-27 05:45:15.100 -0800,2015-01-01
7eb78036004e735c5fd01175d35ece0a,7516fd43adaa5e0b8a65a672c39845d2,00a25a0eed961a97a2a312ed96b66a23,1375575710990aaefeb0228d672c5521,-9,-10,-19,0.00000,0.00000,0.00000,0.00000,0.00000,2552,0,0,1,2025-11-27 05:45:15.100 -0800,2015-01-01
7eb78036004e735c5fd01175d35ece0a,3943d8795e03e8e3307b5b71eac1b669,edb65fd3d096354a2ce9630ddbad8e67,02cc65e6314cfbfc8d6c50ebf876fca7,3,-11,-8,0.00000,0.00000,0.00000,0.00000,0.00000,1608,0,0,1,2025-11-27 05:45:15.100 -0800,2015-01-01
7eb78036004e735c5fd01175d35ece0a,a2c29192484301fa800100e16e494acf,00a25a0eed961a97a2a312ed96b66a23,9abd3d9b983e99aa1fd94837498b0bea,-15,-35,-50,0.00000,0.00000,0.00000,0.00000,0.00000,1448,0,0,1,2025-11-27 05:45:15.100 -0800,2015-01-01
7eb78036004e735c5fd01175d35ece0a,68b1f1cc15d8987eafe633c9488bdc05,edb65fd3d096354a2ce9630ddbad8e67,e8178f8f26527f80a53bfc4c51e7812b,-2,11,9,0.00000,0.00000,0.00000,0.00000,0.00000,1598,0,0,0,2025-11-27 05:45:15.100 -0800,2015-01-01
7eb78036004e735c5fd01175d35ece0a,93437597656efdb384976096b6261386,0e6af9d7d7971e417fa95610f50f7e05,41bf80d3ffe05d483ff2a339f8eac566,-16,-33,-49,0.00000,0.00000,0.00000,0.00000,0.00000,1334,0,0,1,2025-11-27 05:45:15.100 -0800,2015-01-01
7eb78036004e735c5fd01175d35ece0a,93437597656efdb384976096b6261386,1375575710990aaefeb0228d672c5521,af4e41ea70cda97b3e606647516dd6db,-1,1,0,0.00000,0.00000,0.00000,0.00000,0.00000,868,0,0,1,2025-11-27 05:45:15.100 -0800,2015-01-01
7eb78036004e735c5fd01175d35ece0a,3b98e2dffc6cb06a89dcb0d5c60a0206,1375575710990aaefeb0228d672c5521,af4e41ea70cda97b3e606647516dd6db,,,,0.00000,0.00000,0.00000,0.00000,0.00000,868,1,0,0,2025-11-27 05:45:15.100 -0800,2015-01-01
7eb78036004e735c5fd01175d35ece0a,a2c29192484301fa800100e16e494acf,00a25a0eed961a97a2a312ed96b66a23,08a601c7e8befa1393c348508a878db1,-10,-11,-21,0.00000,0.00000,0.00000,0.00000,0.00000,1542,0,0,1,2025-11-27 05:45:15.100 -0800,2015-01-01
7eb78036004e735c5fd01175d35ece0a,93437597656efdb384976096b6261386,34f99a346e1fe2319949710cb923f411,41bf80d3ffe05d483ff2a339f8eac566,-5,-11,-16,0.00000,0.00000,0.00000,0.00000,0.00000,1176,0,0,1,2025-11-27 05:45:15.100 -0800,2015-01-01
7eb78036004e735c5fd01175d35ece0a,68b1f1cc15d8987eafe633c9488bdc05,edb65fd3d096354a2ce9630ddbad8e67,02cc65e6314cfbfc8d6c50ebf876fca7,-14,4,-10,0.00000,0.00000,0.00000,0.00000,0.00000,1608,0,0,1,2025-11-27 05:45:15.100 -0800,2015-01-01
7eb78036004e735c5fd01175d35ece0a,7516fd43adaa5e0b8a65a672c39845d2,1375575710990aaefeb0228d672c5521,5cd6e4fb660220e97088efe8987a0f7f,-11,-36,-47,0.00000,0.00000,0.00000,0.00000,0.00000,1773,0,0,1,2025-11-27 05:45:15.100 -0800,2015-01-01
7eb78036004e735c5fd01175d35ece0a,a2c29192484301fa800100e16e494acf,00a25a0eed961a97a2a312ed96b66a23,9abd3d9b983e99aa1fd94837498b0bea,-11,-12,-23,0.00000,0.00000,0.00000,0.00000,0.00000,1448,0,0,1,2025-11-27 05:45:15.100 -0800,2015-01-01
7eb78036004e735c5fd01175d35ece0a,68b1f1cc15d8987eafe633c9488bdc05,6f0862d55fca52dbe032fa0b99e9c6b5,fdb45b3999a9b295cad4ce7182e47d9a,-7,-9,-16,0.00000,0.00000,0.00000,0.00000,0.00000,1179,0,0,1,2025-11-27 05:45:15.100 -0800,2015-01-01
7eb78036004e735c5fd01175d35ece0a,3943d8795e03e8e3307b5b71eac1b669,9387814d5bd4eb6a3dcb59480ff7165f,02cc65e6314cfbfc8d6c50ebf876fca7,-1,6,5,0.00000,0.00000,0.00000,0.00000,0.00000,1585,0,0,0,2025-11-27 05:45:15.100 -0800,2015-01-01
7eb78036004e735c5fd01175d35ece0a,68b1f1cc15d8987eafe633c9488bdc05,9387814d5bd4eb6a3dcb59480ff7165f,fdb45b3999a9b295cad4ce7182e47d9a,-3,20,17,20.00000,0.00000,0.00000,0.00000,0.00000,1129,0,0,0,2025-11-27 05:45:15.100 -0800,2015-01-01
7eb78036004e735c5fd01175d35ece0a,68b1f1cc15d8987eafe633c9488bdc05,edb65fd3d096354a2ce9630ddbad8e67,e938c5bbd29de26c3a600a0330465f8b,-14,-16,-30,0.00000,0.00000,0.00000,0.00000,0.00000,1674,0,0,1,2025-11-27 05:45:15.100 -0800,2015-01-01
7eb78036004e735c5fd01175d35ece0a,68b1f1cc15d8987eafe633c9488bdc05,edb65fd3d096354a2ce9630ddbad8e67,fdb45b3999a9b295cad4ce7182e47d9a,95,85,180,0.00000,0.00000,85.00000,0.00000,0.00000,1189,0,0,0,2025-11-27 05:45:15.100 -0800,2015-01-01
7eb78036004e735c5fd01175d35ece0a,68b1f1cc15d8987eafe633c9488bdc05,9387814d5bd4eb6a3dcb59480ff7165f,fdb45b3999a9b295cad4ce7182e47d9a,4,-7,-3,0.00000,0.00000,0.00000,0.00000,0.00000,1129,0,0,1,2025-11-27 05:45:15.100 -0800,2015-01-01
7eb78036004e735c5fd01175d35ece0a,68b1f1cc15d8987eafe633c9488bdc05,6f0862d55fca52dbe032fa0b99e9c6b5,fdb45b3999a9b295cad4ce7182e47d9a,-11,-1,-12,0.00000,0.00000,0.00000,0.00000,0.00000,1179,0,0,1,2025-11-27 05:45:15.100 -0800,2015-01-01
7eb78036004e735c5fd01175d35ece0a,68b1f1cc15d8987eafe633c9488bdc05,edb65fd3d096354a2ce9630ddbad8e67,46187049a76c83031dd5abad6290a90f,72,89,161,17.00000,0.00000,72.00000,0.00000,0.00000,1666,0,0,0,2025-11-27 05:45:15.100 -0800,2015-01-01
7eb78036004e735c5fd01175d35ece0a,7516fd43adaa5e0b8a65a672c39845d2,c23431d0209648a6b31fa837dd56d681,1375575710990aaefeb0228d672c5521,-1,3,2,0.00000,0.00000,0.00000,0.00000,0.00000,1440,0,0,0,2025-11-27 05:45:15.100 -0800,2015-01-01
7eb78036004e735c5fd01175d35ece0a,a2c29192484301fa800100e16e494acf,0d403b92007a67a497861f00465d565c,9abd3d9b983e99aa1fd94837498b0bea,-4,0,-4,0.00000,0.00000,0.00000,0.00000,0.00000,224,0,0,1,2025-11-27 05:45:15.100 -0800,2015-01-01
7eb78036004e735c5fd01175d35ece0a,594c16ca0695f6665d7cf4971707adf6,a5bc417468d5c8c378672f6bdd2e0c90,9159db7c15fc9abe7a0fdde8bb6167fb,-8,-6,-14,0.00000,0.00000,0.00000,0.00000,0.00000,216,0,0,1,2025-11-27 05:45:15.100 -0800,2015-01-01
7eb78036004e735c5fd01175d35ece0a,e48bf9dad3f5d442f9d14d931be6f43e,81a634c8428d49490d850ac61dcd055b,f3b69be0f57a9519705082d49cc75ed6,13,9,22,0.00000,0.00000,0.00000,0.00000,0.00000,363,0,0,0,2025-11-27 05:45:15.100 -0800,2015-01-01
7eb78036004e735c5fd01175d35ece0a,594c16ca0695f6665d7cf4971707adf6,a5bc417468d5c8c378672f6bdd2e0c90,9eeaaaa451ec708eb642c7279e2df690,-1,5,4,0.00000,0.00000,0.00000,0.00000,0.00000,163,0,0,0,2025-11-27 05:45:15.100 -0800,2015-01-01
7eb78036004e735c5fd01175d35ece0a,a2c29192484301fa800100e16e494acf,00a25a0eed961a97a2a312ed96b66a23,9abd3d9b983e99aa1fd94837498b0bea,-8,-14,-22,0.00000,0.00000,0.00000,0.00000,0.00000,1448,0,0,1,2025-11-27 05:45:15.100 -0800,2015-01-01
7eb78036004e735c5fd01175d35ece0a,594c16ca0695f6665d7cf4971707adf6,a5bc417468d5c8c378672f6bdd2e0c90,e94afc367f47e1aaf16533e4ecbc8716,-11,-11,-22,0.00000,0.00000,0.00000,0.00000,0.00000,100,0,0,1,2025-11-27 05:45:15.100 -0800,2015-01-01
7eb78036004e735c5fd01175d35ece0a,3943d8795e03e8e3307b5b71eac1b669,c23431d0209648a6b31fa837dd56d681,16398053b0ee1ac75460202a32bee818,4,11,15,0.00000,0.00000,0.00000,0.00000,0.00000,925,0,0,0,2025-11-27 05:45:15.100 -0800,2015-01-01
7eb78036004e735c5fd01175d35ece0a,3b98e2dffc6cb06a89dcb0d5c60a0206,fdb45b3999a9b295cad4ce7182e47d9a,637d536065e18d89c0f1c21fce509ce1,-3,-11,-14,0.00000,0.00000,0.00000,0.00000,0.00000,192,0,0,1,2025-11-27 05:45:15.100 -0800,2015-01-01
7eb78036004e735c5fd01175d35ece0a,93437597656efdb384976096b6261386,e938c5bbd29de26c3a600a0330465f8b,b46e678fc5474ec8216c5e3f4e9d327c,-4,-10,-14,0.00000,0.00000,0.00000,0.00000,0.00000,738,0,0,1,2025-11-27 05:45:15.100 -0800,2015-01-01
7eb78036004e735c5fd01175d35ece0a,e48bf9dad3f5d442f9d14d931be6f43e,788f33204f4b83b5635d8a92da7bbb5c,4b6544406098f683478fca26b2589e6d,-10,0,-10,0.00000,0.00000,0.00000,0.00000,0.00000,174,0,0,1,2025-11-27 05:45:15.100 -0800,2015-01-01
7eb78036004e735c5fd01175d35ece0a,e48bf9dad3f5d442f9d14d931be6f43e,b8fcc69d250d3ed23c05e0105ea381db,4b6544406098f683478fca26b2589e6d,-2,-4,-6,0.00000,0.00000,0.00000,0.00000,0.00000,257,0,0,1,2025-11-27 05:45:15.100 -0800,2015-01-01
7eb78036004e735c5fd01175d35ece0a,e48bf9dad3f5d442f9d14d931be6f43e,87e91eda4dde85cbde3a3aac504e7676,16398053b0ee1ac75460202a32bee818,,,,0.00000,0.00000,0.00000,0.00000,0.00000,429,1,0,0,2025-11-27 05:45:15.100 -0800,2015-01-01
7eb78036004e735c5fd01175d35ece0a,7516fd43adaa5e0b8a65a672c39845d2,9abd3d9b983e99aa1fd94837498b0bea,1375575710990aaefeb0228d672c5521,-5,-2,-7,0.00000,0.00000,0.00000,0.00000,0.00000,1107,0,0,1,2025-11-27 05:45:15.100 -0800,2015-01-01
7eb78036004e735c5fd01175d35ece0a,3b98e2dffc6cb06a89dcb0d5c60a0206,af4e41ea70cda97b3e606647516dd6db,637d536065e18d89c0f1c21fce509ce1,108,102,210,0.00000,0.00000,0.00000,0.00000,102.00000,1121,0,0,0,2025-11-27 05:45:15.100 -0800,2015-01-01
7eb78036004e735c5fd01175d35ece0a,3b98e2dffc6cb06a89dcb0d5c60a0206,e938c5bbd29de26c3a600a0330465f8b,637d536065e18d89c0f1c21fce509ce1,-5,2,-3,0.00000,0.00000,0.00000,0.00000,0.00000,1258,0,0,1,2025-11-27 05:45:15.100 -0800,2015-01-01
7eb78036004e735c5fd01175d35ece0a,834d41112f2943c357f660165b6eb6de,57a17c0041e20ef5edd94dec9b9eec73,16398053b0ee1ac75460202a32bee818,2,13,15,0.00000,0.00000,0.00000,0.00000,0.00000,984,0,0,0,2025-11-27 05:45:15.100 -0800,2015-01-01
7eb78036004e735c5fd01175d35ece0a,7516fd43adaa5e0b8a65a672c39845d2,08a601c7e8befa1393c348508a878db1,1375575710990aaefeb0228d672c5521,60,60,120,0.00000,0.00000,60.00000,0.00000,0.00000,1009,0,0,0,2025-11-27 05:45:15.100 -0800,2015-01-01
7eb78036004e735c5fd01175d35ece0a,3b98e2dffc6cb06a89dcb0d5c60a0206,16398053b0ee1ac75460202a32bee818,637d536065e18d89c0f1c21fce509ce1,58,54,112,0.00000,0.00000,54.00000,0.00000,0.00000,964,0,0,0,2025-11-27 05:45:15.100 -0800,2015-01-01
7eb78036004e735c5fd01175d35ece0a,f5ce9f5cb682a1f863d5a8c51ac28683,dd3eb9957f43759b85cc6d50ea901967,d1bef49a8aa9f8053c8458cb9965f220,-9,-6,-15,0.00000,0.00000,0.00000,0.00000,0.00000,456,0,0,1,2025-11-27 05:45:15.100 -0800,2015-01-01
7eb78036004e735c5fd01175d35ece0a,834d41112f2943c357f660165b6eb6de,27f959641950d381869d746d7d0e7d4e,16398053b0ee1ac75460202a32bee818,-3,-5,-8,0.00000,0.00000,0.00000,0.00000,0.00000,308,0,0,1,2025-11-27 05:45:15.100 -0800,2015-01-01
7eb78036004e735c5fd01175d35ece0a,834d41112f2943c357f660165b6eb6de,,c25c66f8ac4fc39070aaa75c4c58c91a,-6,-15,-21,0.00000,0.00000,0.00000,0.00000,0.00000,250,0,0,1,2025-11-27 05:45:15.100 -0800,2015-01-01
7eb78036004e735c5fd01175d35ece0a,e48bf9dad3f5d442f9d14d931be6f43e,9b1ce44420fde8fc82f643a1fb33dcb0,f3b69be0f57a9519705082d49cc75ed6,5,3,8,0.00000,0.00000,0.00000,0.00000,0.00000,522,0,0,0,2025-11-27 05:45:15.100 -0800,2015-01-01
7eb78036004e735c5fd01175d35ece0a,e48bf9dad3f5d442f9d14d931be6f43e,b0fc8a23b99abd47779c675029a42775,4b6544406098f683478fca26b2589e6d,-3,9,6,0.00000,0.00000,0.00000,0.00000,0.00000,199,0,0,0,2025-11-27 05:45:15.100 -0800,2015-01-01
7eb78036004e735c5fd01175d35ece0a,594c16ca0695f6665d7cf4971707adf6,a5bc417468d5c8c378672f6bdd2e0c90,efe57e3098b01272e92ab041ad05a559,-10,-12,-22,0.00000,0.00000,0.00000,0.00000,0.00000,102,0,0,1,2025-11-27 05:45:15.100 -0800,2015-01-01
7eb78036004e735c5fd01175d35ece0a,834d41112f2943c357f660165b6eb6de,dd3eb9957f43759b85cc6d50ea901967,c25c66f8ac4fc39070aaa75c4c58c91a,0,5,5,0.00000,0.00000,0.00000,0.00000,0.00000,214,0,0,0,2025-11-27 05:45:15.100 -0800,2015-01-01
7eb78036004e735c5fd01175d35ece0a,51f581937765890f2a706c77ea8af3cc,0e6a70bad19fa5b4b8529629768f43d3,af4e41ea70cda97b3e606647516dd6db,,,,0.00000,0.00000,0.00000,0.00000,0.00000,364,1,0,0,2025-11-27 05:45:15.100 -0800,2015-01-01
7eb78036004e735c5fd01175d35ece0a,3943d8795e03e8e3307b5b71eac1b669,024d0a19e2c7138683b785b4e0412532,16398053b0ee1ac75460202a32bee818,2,6,8,0.00000,0.00000,0.00000,0.00000,0.00000,1325,0,0,0,2025-11-27 05:45:15.100 -0800,2015-01-01
7eb78036004e735c5fd01175d35ece0a,3943d8795e03e8e3307b5b71eac1b669,08a601c7e8befa1393c348508a878db1,d622dafa9ced7bbde05af58d76115475,4,4,8,0.00000,0.00000,0.00000,0.00000,0.00000,991,0,0,0,2025-11-27 05:45:15.100 -0800,2015-01-01
7eb78036004e735c5fd01175d35ece0a,3943d8795e03e8e3307b5b71eac1b669,9abd3d9b983e99aa1fd94837498b0bea,d622dafa9ced7bbde05af58d76115475,-1,-1,-2,0.00000,0.00000,0.00000,0.00000,0.00000,1024,0,0,1,2025-11-27 05:45:15.100 -0800,2015-01-01
7eb78036004e735c5fd01175d35ece0a,3b98e2dffc6cb06a89dcb0d5c60a0206,d622dafa9ced7bbde05af58d76115475,af4e41ea70cda97b3e606647516dd6db,53,66,119,13.00000,0.00000,53.00000,0.00000,0.00000,641,0,0,0,2025-11-27 05:45:15.100 -0800,2015-01-01
7eb78036004e735c5fd01175d35ece0a,834d41112f2943c357f660165b6eb6de,e0b776fdb88fb702c4e54280a29a5b3c,c23431d0209648a6b31fa837dd56d681,-3,-14,-17,0.00000,0.00000,0.00000,0.00000,0.00000,84,0,0,1,2025-11-27 05:45:15.100 -0800,2015-01-01
7eb78036004e735c5fd01175d35ece0a,892a245e287c163080b23db737d3c4c9,024d0a19e2c7138683b785b4e0412532,fdb45b3999a9b295cad4ce7182e47d9a,-4,-18,-22,0.00000,0.00000,0.00000,0.00000,0.00000,861,0,0,1,2025-11-27 05:45:15.100 -0800,2015-01-01
7eb78036004e735c5fd01175d35ece0a,93437597656efdb384976096b6261386,c23431d0209648a6b31fa837dd56d681,41bf80d3ffe05d483ff2a339f8eac566,-4,-25,-29,0.00000,0.00000,0.00000,0.00000,0.00000,1182,0,0,1,2025-11-27 05:45:15.100 -0800,2015-01-01
7eb78036004e735c5fd01175d35ece0a,e48bf9dad3f5d442f9d14d931be6f43e,9a6465b6a0023e22317c33e5748b3c72,f3b69be0f57a9519705082d49cc75ed6,,,,0.00000,0.00000,0.00000,0.00000,0.00000,199,1,0,0,2025-11-27 05:45:15.100 -0800,2015-01-01
7eb78036004e735c5fd01175d35ece0a,e48bf9dad3f5d442f9d14d931be6f43e,687e7a185e12ec984ab5c40d4acffdd9,d622dafa9ced7bbde05af58d76115475,-4,13,9,0.00000,0.00000,0.00000,0.00000,0.00000,996,0,0,0,2025-11-27 05:45:15.100 -0800,2015-01-01
7eb78036004e735c5fd01175d35ece0a,3943d8795e03e8e3307b5b71eac1b669,f3b69be0f57a9519705082d49cc75ed6,d622dafa9ced7bbde05af58d76115475,19,26,45,7.00000,0.00000,19.00000,0.00000,0.00000,967,0,0,0,2025-11-27 05:45:15.100 -0800,2015-01-01
7eb78036004e735c5fd01175d35ece0a,3943d8795e03e8e3307b5b71eac1b669,c23431d0209648a6b31fa837dd56d681,d622dafa9ced7bbde05af58d76115475,7,3,10,0.00000,0.00000,0.00000,0.00000,0.00000,888,0,0,0,2025-11-27 05:45:15.100 -0800,2015-01-01
7eb78036004e735c5fd01175d35ece0a,3943d8795e03e8e3307b5b71eac1b669,d6a32d7f0b3d92476bb075273758537b,16398053b0ee1ac75460202a32bee818,6,14,20,0.00000,0.00000,0.00000,0.00000,0.00000,1190,0,0,0,2025-11-27 05:45:15.100 -0800,2015-01-01
7eb78036004e735c5fd01175d35ece0a,68b1f1cc15d8987eafe633c9488bdc05,30a0d7e5d27798b991e76fbe4ecd7d66,e8178f8f26527f80a53bfc4c51e7812b,-5,-15,-20,0.00000,0.00000,0.00000,0.00000,0.00000,301,0,0,1,2025-11-27 05:45:15.100 -0800,2015-01-01
7eb78036004e735c5fd01175d35ece0a,68b1f1cc15d8987eafe633c9488bdc05,8449bc264b69c3a0fe8b60361eaf7aeb,e8178f8f26527f80a53bfc4c51e7812b,-7,-25,-32,0.00000,0.00000,0.00000,0.00000,0.00000,273,0,0,1,2025-11-27 05:45:15.100 -0800,2015-01-01
7eb78036004e735c5fd01175d35ece0a,68b1f1cc15d8987eafe633c9488bdc05,e8178f8f26527f80a53bfc4c51e7812b,edb65fd3d096354a2ce9630ddbad8e67,43,19,62,0.00000,0.00000,19.00000,0.00000,0.00000,1598,0,0,0,2025-11-27 05:45:15.100 -0800,2015-01-01
7eb78036004e735c5fd01175d35ece0a,834d41112f2943c357f660165b6eb6de,68e5ed3321d8b86d30dd340193dc3716,16398053b0ee1ac75460202a32bee818,-12,-21,-33,0.00000,0.00000,0.00000,0.00000,0.00000,201,0,0,1,2025-11-27 05:45:15.100 -0800,2015-01-01
7eb78036004e735c5fd01175d35ece0a,834d41112f2943c357f660165b6eb6de,25e7716e9d5329a2008e6558cb95d338,d1bef49a8aa9f8053c8458cb9965f220,-5,-18,-23,0.00000,0.00000,0.00000,0.00000,0.00000,346,0,0,1,2025-11-27 05:45:15.100 -0800,2015-01-01
7eb78036004e735c5fd01175d35ece0a,834d41112f2943c357f660165b6eb6de,c23431d0209648a6b31fa837dd56d681,d1bef49a8aa9f8053c8458cb9965f220,15,-3,12,0.00000,0.00000,0.00000,0.00000,0.00000,235,0,0,0,2025-11-27 05:45:15.100 -0800,2015-01-01
7eb78036004e735c5fd01175d35ece0a,e48bf9dad3f5d442f9d14d931be6f43e,06161379527b8df6b18fca5aa984113a,1656b5b29550d4c6dd8ba4dee070f631,-5,0,-5,0.00000,0.00000,0.00000,0.00000,0.00000,209,0,0,1,2025-11-27 05:45:15.100 -0800,2015-01-01
7eb78036004e735c5fd01175d35ece0a,3943d8795e03e8e3307b5b71eac1b669,fbe26e14c13a160732e821845d550380,d622dafa9ced7bbde05af58d76115475,56,78,134,22.00000,0.00000,56.00000,0.00000,0.00000,909,0,0,0,2025-11-27 05:45:15.100 -0800,2015-01-01
7eb78036004e735c5fd01175d35ece0a,e48bf9dad3f5d442f9d14d931be6f43e,8faa77c9cf7465efb7d16af6a0b2630c,1656b5b29550d4c6dd8ba4dee070f631,-3,-16,-19,0.00000,0.00000,0.00000,0.00000,0.00000,1242,0,0,1,2025-11-27 05:45:15.100 -0800,2015-01-01
7eb78036004e735c5fd01175d35ece0a,68b1f1cc15d8987eafe633c9488bdc05,e938c5bbd29de26c3a600a0330465f8b,142527c9f3eda5c09b4cb8df41c7895e,-4,-21,-25,0.00000,0.00000,0.00000,0.00000,0.00000,369,0,0,1,2025-11-27 05:45:15.100 -0800,2015-01-01
7eb78036004e735c5fd01175d35ece0a,68b1f1cc15d8987eafe633c9488bdc05,c23431d0209648a6b31fa837dd56d681,e938c5bbd29de26c3a600a0330465f8b,-11,-33,-44,0.00000,0.00000,0.00000,0.00000,0.00000,867,0,0,1,2025-11-27 05:45:15.100 -0800,2015-01-01
7eb78036004e735c5fd01175d35ece0a,f5ce9f5cb682a1f863d5a8c51ac28683,1375575710990aaefeb0228d672c5521,d1bef49a8aa9f8053c8458cb9965f220,148,128,276,0.00000,0.00000,0.00000,0.00000,128.00000,1671,0,0,0,2025-11-27 05:45:15.100 -0800,2015-01-01
7eb78036004e735c5fd01175d35ece0a,f5ce9f5cb682a1f863d5a8c51ac28683,f046b60ddd9950a7fb55d24968b9a53c,c25c66f8ac4fc39070aaa75c4c58c91a,6,-15,-9,0.00000,0.00000,0.00000,0.00000,0.00000,692,0,0,1,2025-11-27 05:45:15.100 -0800,2015-01-01
7eb78036004e735c5fd01175d35ece0a,f5ce9f5cb682a1f863d5a8c51ac28683,e938c5bbd29de26c3a600a0330465f8b,d1bef49a8aa9f8053c8458cb9965f220,-3,-21,-24,0.00000,0.00000,0.00000,0.00000,0.00000,632,0,0,1,2025-11-27 05:45:15.100 -0800,2015-01-01
7eb78036004e735c5fd01175d35ece0a,834d41112f2943c357f660165b6eb6de,c25c66f8ac4fc39070aaa75c4c58c91a,d6a32d7f0b3d92476bb075273758537b,16,14,30,0.00000,0.00000,0.00000,0.00000,0.00000,534,0,0,0,2025-11-27 05:45:15.100 -0800,2015-01-01
7eb78036004e735c5fd01175d35ece0a,834d41112f2943c357f660165b6eb6de,fab966bb80bf0c8397d2bbce0e2b41c6,02cc65e6314cfbfc8d6c50ebf876fca7,-9,-14,-23,0.00000,0.00000,0.00000,0.00000,0.00000,820,0,0,1,2025-11-27 05:45:15.100 -0800,2015-01-01
7eb78036004e735c5fd01175d35ece0a,e48bf9dad3f5d442f9d14d931be6f43e,ffc2af63e0deedb77f8a5b9b310333a4,d622dafa9ced7bbde05af58d76115475,-2,25,23,25.00000,0.00000,0.00000,0.00000,0.00000,964,0,0,0,2025-11-27 05:45:15.100 -0800,2015-01-01
7eb78036004e735c5fd01175d35ece0a,e48bf9dad3f5d442f9d14d931be6f43e,6bad82127b1712ba0e58b7d10e8e30df,16398053b0ee1ac75460202a32bee818,-3,-16,-19,0.00000,0.00000,0.00000,0.00000,0.00000,1195,0,0,1,2025-11-27 05:45:15.100 -0800,2015-01-01
7eb78036004e735c5fd01175d35ece0a,e48bf9dad3f5d442f9d14d931be6f43e,109c333d5ae82b7b38283b47a0beb735,d622dafa9ced7bbde05af58d76115475,-2,7,5,0.00000,0.00000,0.00000,0.00000,0.00000,458,0,0,0,2025-11-27 05:45:15.100 -0800,2015-01-01
7eb78036004e735c5fd01175d35ece0a,892a245e287c163080b23db737d3c4c9,9cafcaf3209bcf8cf540533986191dd6,d622dafa9ced7bbde05af58d76115475,-10,-11,-21,0.00000,0.00000,0.00000,0.00000,0.00000,826,0,0,1,2025-11-27 05:45:15.100 -0800,2015-01-01
7eb78036004e735c5fd01175d35ece0a,e48bf9dad3f5d442f9d14d931be6f43e,57a17c0041e20ef5edd94dec9b9eec73,d1bef49a8aa9f8053c8458cb9965f220,-2,-21,-23,0.00000,0.00000,0.00000,0.00000,0.00000,237,0,0,1,2025-11-27 05:45:15.100 -0800,2015-01-01
7eb78036004e735c5fd01175d35ece0a,3943d8795e03e8e3307b5b71eac1b669,0d403b92007a67a497861f00465d565c,d622dafa9ced7bbde05af58d76115475,-3,-6,-9,0.00000,0.00000,0.00000,0.00000,0.00000,836,0,0,1,2025-11-27 05:45:15.100 -0800,2015-01-01
7eb78036004e735c5fd01175d35ece0a,3943d8795e03e8e3307b5b71eac1b669,9abd3d9b983e99aa1fd94837498b0bea,16398053b0ee1ac75460202a32bee818,-4,11,7,0.00000,0.00000,0.00000,0.00000,0.00000,1874,0,0,0,2025-11-27 05:45:15.100 -0800,2015-01-01
7eb78036004e735c5fd01175d35ece0a,3943d8795e03e8e3307b5b71eac1b669,cf4c24e87f3bf7a7ba3bc78dd952a0c1,16398053b0ee1ac75460202a32bee818,5,-7,-2,0.00000,0.00000,0.00000,0.00000,0.00000,1208,0,0,1,2025-11-27 05:45:15.100 -0800,2015-01-01
7eb78036004e735c5fd01175d35ece0a,3b98e2dffc6cb06a89dcb0d5c60a0206,684e1388a91900480c702ac5b8f6b4d8,af4e41ea70cda97b3e606647516dd6db,-6,-12,-18,0.00000,0.00000,0.00000,0.00000,0.00000,247,0,0,1,2025-11-27 05:45:15.100 -0800,2015-01-01
7eb78036004e735c5fd01175d35ece0a,3b98e2dffc6cb06a89dcb0d5c60a0206,e8178f8f26527f80a53bfc4c51e7812b,637d536065e18d89c0f1c21fce509ce1,55,69,124,14.00000,0.00000,55.00000,0.00000,0.00000,1089,0,0,0,2025-11-27 05:45:15.100 -0800,2015-01-01
7eb78036004e735c5fd01175d35ece0a,68b1f1cc15d8987eafe633c9488bdc05,e938c5bbd29de26c3a600a0330465f8b,a168707a04e052b73d2c4677f8891c7f,6,-9,-3,0.00000,0.00000,0.00000,0.00000,0.00000,1197,0,0,1,2025-11-27 05:45:15.100 -0800,2015-01-01
7eb78036004e735c5fd01175d35ece0a,68b1f1cc15d8987eafe633c9488bdc05,e938c5bbd29de26c3a600a0330465f8b,e8178f8f26527f80a53bfc4c51e7812b,-2,-13,-15,0.00000,0.00000,0.00000,0.00000,0.00000,187,0,0,1,2025-11-27 05:45:15.100 -0800,2015-01-01
7eb78036004e735c5fd01175d35ece0a,68b1f1cc15d8987eafe633c9488bdc05,e8178f8f26527f80a53bfc4c51e7812b,9387814d5bd4eb6a3dcb59480ff7165f,0,-19,-19,0.00000,0.00000,0.00000,0.00000,0.00000,1576,0,0,1,2025-11-27 05:45:15.100 -0800,2015-01-01
7eb78036004e735c5fd01175d35ece0a,f5ce9f5cb682a1f863d5a8c51ac28683,af4e41ea70cda97b3e606647516dd6db,c25c66f8ac4fc39070aaa75c4c58c91a,18,-2,16,0.00000,0.00000,0.00000,0.00000,0.00000,731,0,0,0,2025-11-27 05:45:15.100 -0800,2015-01-01
7eb78036004e735c5fd01175d35ece0a,834d41112f2943c357f660165b6eb6de,d56afd94f0b816c18c0a1609ec862675,02cc65e6314cfbfc8d6c50ebf876fca7,-5,1,-4,0.00000,0.00000,0.00000,0.00000,0.00000,628,0,0,1,2025-11-27 05:45:15.100 -0800,2015-01-01
7eb78036004e735c5fd01175d35ece0a,892a245e287c163080b23db737d3c4c9,57a17c0041e20ef5edd94dec9b9eec73,d622dafa9ced7bbde05af58d76115475,36,17,53,0.00000,0.00000,17.00000,0.00000,0.00000,896,0,0,0,2025-11-27 05:45:15.100 -0800,2015-01-01
7eb78036004e735c5fd01175d35ece0a,892a245e287c163080b23db737d3c4c9,4b6544406098f683478fca26b2589e6d,d622dafa9ced7bbde05af58d76115475,-7,-8,-15,0.00000,0.00000,0.00000,0.00000,0.00000,680,0,0,1,2025-11-27 05:45:15.100 -0800,2015-01-01
7eb78036004e735c5fd01175d35ece0a,51f581937765890f2a706c77ea8af3cc,d56afd94f0b816c18c0a1609ec862675,af4e41ea70cda97b3e606647516dd6db,,,,0.00000,0.00000,0.00000,0.00000,0.00000,987,1,0,0,2025-11-27 05:45:15.100 -0800,2015-01-01
7eb78036004e735c5fd01175d35ece0a,e48bf9dad3f5d442f9d14d931be6f43e,d622dafa9ced7bbde05af58d76115475,1656b5b29550d4c6dd8ba4dee070f631,73,56,129,0.00000,0.00000,56.00000,0.00000,0.00000,862,0,0,0,2025-11-27 05:45:15.100 -0800,2015-01-01
7eb78036004e735c5fd01175d35ece0a,e48bf9dad3f5d442f9d14d931be6f43e,d52fcd1f831abc4efe3a7f571ee39aa8,d622dafa9ced7bbde05af58d76115475,-3,10,7,0.00000,0.00000,0.00000,0.00000,0.00000,916,0,0,0,2025-11-27 05:45:15.100 -0800,2015-01-01
7eb78036004e735c5fd01175d35ece0a,e48bf9dad3f5d442f9d14d931be6f43e,cad386640202b01915001cf1dc26164e,1656b5b29550d4c6dd8ba4dee070f631,,,,0.00000,0.00000,0.00000,0.00000,0.00000,134,1,0,0,2025-11-27 05:45:15.100 -0800,2015-01-01
7eb78036004e735c5fd01175d35ece0a,594c16ca0695f6665d7cf4971707adf6,a5bc417468d5c8c378672f6bdd2e0c90,9eeaaaa451ec708eb642c7279e2df690,-8,-6,-14,0.00000,0.00000,0.00000,0.00000,0.00000,163,0,0,1,2025-11-27 05:45:15.100 -0800,2015-01-01
7eb78036004e735c5fd01175d35ece0a,68b1f1cc15d8987eafe633c9488bdc05,e938c5bbd29de26c3a600a0330465f8b,30a0d7e5d27798b991e76fbe4ecd7d66,-9,-6,-15,0.00000,0.00000,0.00000,0.00000,0.00000,395,0,0,1,2025-11-27 05:45:15.100 -0800,2015-01-01
7eb78036004e735c5fd01175d35ece0a,3943d8795e03e8e3307b5b71eac1b669,08a601c7e8befa1393c348508a878db1,02cc65e6314cfbfc8d6c50ebf876fca7,-3,-35,-38,0.00000,0.00000,0.00000,0.00000,0.00000,2434,0,0,1,2025-11-27 05:45:15.100 -0800,2015-01-01
7eb78036004e735c5fd01175d35ece0a,7516fd43adaa5e0b8a65a672c39845d2,82828756da24342a94c9b1355ae83653,1375575710990aaefeb0228d672c5521,-5,4,-1,0.00000,0.00000,0.00000,0.00000,0.00000,1488,0,0,1,2025-11-27 05:45:15.100 -0800,2015-01-01
7eb78036004e735c5fd01175d35ece0a,3943d8795e03e8e3307b5b71eac1b669,1656b5b29550d4c6dd8ba4dee070f631,d622dafa9ced7bbde05af58d76115475,0,-9,-9,0.00000,0.00000,0.00000,0.00000,0.00000,862,0,0,1,2025-11-27 05:45:15.100 -0800,2015-01-01
7eb78036004e735c5fd01175d35ece0a,3943d8795e03e8e3307b5b71eac1b669,7c49f59ce6e27adbd89e9ef63b83d7a8,16398053b0ee1ac75460202a32bee818,39,43,82,4.00000,0.00000,39.00000,0.00000,0.00000,1091,0,0,0,2025-11-27 05:45:15.100 -0800,2015-01-01
7eb78036004e735c5fd01175d35ece0a,3943d8795e03e8e3307b5b71eac1b669,e938c5bbd29de26c3a600a0330465f8b,02cc65e6314cfbfc8d6c50ebf876fca7,2,-19,-17,0.00000,0.00000,0.00000,0.00000,0.00000,200,0,0,1,2025-11-27 05:45:15.100 -0800,2015-01-01
7eb78036004e735c5fd01175d35ece0a,7516fd43adaa5e0b8a65a672c39845d2,d622dafa9ced7bbde05af58d76115475,1375575710990aaefeb0228d672c5521,0,-10,-10,0.00000,0.00000,0.00000,0.00000,0.00000,602,0,0,1,2025-11-27 05:45:15.100 -0800,2015-01-01
7eb78036004e735c5fd01175d35ece0a,7516fd43adaa5e0b8a65a672c39845d2,f046b60ddd9950a7fb55d24968b9a53c,1375575710990aaefeb0228d672c5521,-6,-5,-11,0.00000,0.00000,0.00000,0.00000,0.00000,1044,0,0,1,2025-11-27 05:45:15.100 -0800,2015-01-01
7eb78036004e735c5fd01175d35ece0a,3b98e2dffc6cb06a89dcb0d5c60a0206,8faa77c9cf7465efb7d16af6a0b2630c,af4e41ea70cda97b3e606647516dd6db,-2,-1,-3,0.00000,0.00000,0.00000,0.00000,0.00000,190,0,0,1,2025-11-27 05:45:15.100 -0800,2015-01-01
7eb78036004e735c5fd01175d35ece0a,3b98e2dffc6cb06a89dcb0d5c60a0206,1656b5b29550d4c6dd8ba4dee070f631,af4e41ea70cda97b3e606647516dd6db,10,2,12,0.00000,0.00000,0.00000,0.00000,0.00000,1235,0,0,0,2025-11-27 05:45:15.100 -0800,2015-01-01
7eb78036004e735c5fd01175d35ece0a,f5ce9f5cb682a1f863d5a8c51ac28683,3a985db6112df66312fcbc5bd90c0901,c25c66f8ac4fc39070aaa75c4c58c91a,0,0,0,0.00000,0.00000,0.00000,0.00000,0.00000,153,0,0,1,2025-11-27 05:45:15.100 -0800,2015-01-01
7eb78036004e735c5fd01175d35ece0a,68b1f1cc15d8987eafe633c9488bdc05,fdb45b3999a9b295cad4ce7182e47d9a,02cc65e6314cfbfc8d6c50ebf876fca7,-2,-7,-9,0.00000,0.00000,0.00000,0.00000,0.00000,937,0,0,1,2025-11-27 05:45:15.100 -0800,2015-01-01
7eb78036004e735c5fd01175d35ece0a,834d41112f2943c357f660165b6eb6de,f046b60ddd9950a7fb55d24968b9a53c,16398053b0ee1ac75460202a32bee818,-2,1,-1,0.00000,0.00000,0.00000,0.00000,0.00000,643,0,0,1,2025-11-27 05:45:15.100 -0800,2015-01-01
7eb78036004e735c5fd01175d35ece0a,834d41112f2943c357f660165b6eb6de,46187049a76c83031dd5abad6290a90f,d6a32d7f0b3d92476bb075273758537b,-7,-19,-26,0.00000,0.00000,0.00000,0.00000,0.00000,326,0,0,1,2025-11-27 05:45:15.100 -0800,2015-01-01
7eb78036004e735c5fd01175d35ece0a,51f581937765890f2a706c77ea8af3cc,8cdcc93f429c0e2dbee6d8a1b257f8b1,af4e41ea70cda97b3e606647516dd6db,,,,0.00000,0.00000,0.00000,0.00000,0.00000,158,1,0,0,2025-11-27 05:45:15.100 -0800,2015-01-01
7eb78036004e735c5fd01175d35ece0a,834d41112f2943c357f660165b6eb6de,9421539b960fe6c40130e16792b2db90,16398053b0ee1ac75460202a32bee818,-2,13,11,0.00000,0.00000,0.00000,0.00000,0.00000,1157,0,0,0,2025-11-27 05:45:15.100 -0800,2015-01-01
7eb78036004e735c5fd01175d35ece0a,e48bf9dad3f5d442f9d14d931be6f43e,587cd1ba1ded0fead8b30190db3d3932,d622dafa9ced7bbde05af58d76115475,6,20,26,14.00000,0.00000,6.00000,0.00000,0.00000,845,0,0,0,2025-11-27 05:45:15.100 -0800,2015-01-01
7eb78036004e735c5fd01175d35ece0a,e48bf9dad3f5d442f9d14d931be6f43e,684e1388a91900480c702ac5b8f6b4d8,f3b69be0f57a9519705082d49cc75ed6,7,-19,-12,0.00000,0.00000,0.00000,0.00000,0.00000,1482,0,0,1,2025-11-27 05:45:15.100 -0800,2015-01-01
7eb78036004e735c5fd01175d35ece0a,e48bf9dad3f5d442f9d14d931be6f43e,807b2a9e337cc4dc202da8381e32b563,16398053b0ee1ac75460202a32bee818,15,21,36,6.00000,0.00000,15.00000,0.00000,0.00000,781,0,0,0,2025-11-27 05:45:15.100 -0800,2015-01-01
7eb78036004e735c5fd01175d35ece0a,e48bf9dad3f5d442f9d14d931be6f43e,006795aeeab570e4ca336932c33932f2,d622dafa9ced7bbde05af58d76115475,-1,6,5,0.00000,0.00000,0.00000,0.00000,0.00000,898,0,0,0,2025-11-27 05:45:15.100 -0800,2015-01-01
7eb78036004e735c5fd01175d35ece0a,68b1f1cc15d8987eafe633c9488bdc05,41bf80d3ffe05d483ff2a339f8eac566,46187049a76c83031dd5abad6290a90f,-2,9,7,0.00000,0.00000,0.00000,0.00000,0.00000,1173,0,0,0,2025-11-27 05:45:15.100 -0800,2015-01-01
7eb78036004e735c5fd01175d35ece0a,834d41112f2943c357f660165b6eb6de,dd395d6201581ad212d782d571f0ad64,c25c66f8ac4fc39070aaa75c4c58c91a,0,-17,-17,0.00000,0.00000,0.00000,0.00000,0.00000,694,0,0,1,2025-11-27 05:45:15.100 -0800,2015-01-01
7eb78036004e735c5fd01175d35ece0a,c6a0e7c2e78ced7f024313cb92b897a3,f3b69be0f57a9519705082d49cc75ed6,d622dafa9ced7bbde05af58d76115475,-2,-2,-4,0.00000,0.00000,0.00000,0.00000,0.00000,967,0,0,1,2025-11-27 05:45:15.100 -0800,2015-01-01
7eb78036004e735c5fd01175d35ece0a,3943d8795e03e8e3307b5b71eac1b669,fdb45b3999a9b295cad4ce7182e47d9a,1656b5b29550d4c6dd8ba4dee070f631,2,4,6,0.00000,0.00000,0.00000,0.00000,0.00000,2218,0,0,0,2025-11-27 05:45:15.100 -0800,2015-01-01
7eb78036004e735c5fd01175d35ece0a,3943d8795e03e8e3307b5b71eac1b669,,02cc65e6314cfbfc8d6c50ebf876fca7,-6,-13,-19,0.00000,0.00000,0.00000,0.00000,0.00000,997,0,0,1,2025-11-27 05:45:15.100 -0800,2015-01-01
7eb78036004e735c5fd01175d35ece0a,3b98e2dffc6cb06a89dcb0d5c60a0206,9abd3d9b983e99aa1fd94837498b0bea,af4e41ea70cda97b3e606647516dd6db,0,16,16,16.00000,0.00000,0.00000,0.00000,0.00000,1660,0,0,0,2025-11-27 05:45:15.100 -0800,2015-01-01
7eb78036004e735c5fd01175d35ece0a,3b98e2dffc6cb06a89dcb0d5c60a0206,e938c5bbd29de26c3a600a0330465f8b,af4e41ea70cda97b3e606647516dd6db,-4,-10,-14,0.00000,0.00000,0.00000,0.00000,0.00000,1562,0,0,1,2025-11-27 05:45:15.100 -0800,2015-01-01
7eb78036004e735c5fd01175d35ece0a,68b1f1cc15d8987eafe633c9488bdc05,,e8178f8f26527f80a53bfc4c51e7812b,-5,-13,-18,0.00000,0.00000,0.00000,0.00000,0.00000,209,0,0,1,2025-11-27 05:45:15.100 -0800,2015-01-01
7eb78036004e735c5fd01175d35ece0a,68b1f1cc15d8987eafe633c9488bdc05,3adcbc523c898829501d38af8e84a770,e8178f8f26527f80a53bfc4c51e7812b,-5,-17,-22,0.00000,0.00000,0.00000,0.00000,0.00000,264,0,0,1,2025-11-27 05:45:15.100 -0800,2015-01-01
7eb78036004e735c5fd01175d35ece0a,834d41112f2943c357f660165b6eb6de,,af4e41ea70cda97b3e606647516dd6db,-9,-9,-18,0.00000,0.00000,0.00000,0.00000,0.00000,102,0,0,1,2025-11-27 05:45:15.100 -0800,2015-01-01
7eb78036004e735c5fd01175d35ece0a,834d41112f2943c357f660165b6eb6de,f046b60ddd9950a7fb55d24968b9a53c,c23431d0209648a6b31fa837dd56d681,-1,-12,-13,0.00000,0.00000,0.00000,0.00000,0.00000,403,0,0,1,2025-11-27 05:45:15.100 -0800,2015-01-01
7eb78036004e735c5fd01175d35ece0a,834d41112f2943c357f660165b6eb6de,1d59b567d57ca91246c45d7d8bcfbc28,c23431d0209648a6b31fa837dd56d681,0,6,6,0.00000,0.00000,0.00000,0.00000,0.00000,179,0,0,0,2025-11-27 05:45:15.100 -0800,2015-01-01
7eb78036004e735c5fd01175d35ece0a,834d41112f2943c357f660165b6eb6de,30a0d7e5d27798b991e76fbe4ecd7d66,02cc65e6314cfbfc8d6c50ebf876fca7,213,226,439,13.00000,0.00000,0.00000,0.00000,213.00000,282,0,0,0,2025-11-27 05:45:15.100 -0800,2015-01-01
7eb78036004e735c5fd01175d35ece0a,51f581937765890f2a706c77ea8af3cc,,af4e41ea70cda97b3e606647516dd6db,,,,0.00000,0.00000,0.00000,0.00000,0.00000,280,1,0,0,2025-11-27 05:45:15.100 -0800,2015-01-01
7eb78036004e735c5fd01175d35ece0a,834d41112f2943c357f660165b6eb6de,96f70dbef1131b89b5c668717d3e79c1,02cc65e6314cfbfc8d6c50ebf876fca7,-18,-22,-40,0.00000,0.00000,0.00000,0.00000,0.00000,445,0,0,1,2025-11-27 05:45:15.100 -0800,2015-01-01
7eb78036004e735c5fd01175d35ece0a,93437597656efdb384976096b6261386,c23431d0209648a6b31fa837dd56d681,7ec0110417a0273c979ae5721e814f15,-9,27,18,27.00000,0.00000,0.00000,0.00000,0.00000,733,0,0,0,2025-11-27 05:45:15.100 -0800,2015-01-01
7eb78036004e735c5fd01175d35ece0a,3943d8795e03e8e3307b5b71eac1b669,1656b5b29550d4c6dd8ba4dee070f631,16398053b0ee1ac75460202a32bee818,-2,-16,-18,0.00000,0.00000,0.00000,0.00000,0.00000,1379,0,0,1,2025-11-27 05:45:15.100 -0800,2015-01-01
7eb78036004e735c5fd01175d35ece0a,3b98e2dffc6cb06a89dcb0d5c60a0206,02cc65e6314cfbfc8d6c50ebf876fca7,637d536065e18d89c0f1c21fce509ce1,-7,-13,-20,0.00000,0.00000,0.00000,0.00000,0.00000,1085,0,0,1,2025-11-27 05:45:15.100 -0800,2015-01-01
7eb78036004e735c5fd01175d35ece0a,e48bf9dad3f5d442f9d14d931be6f43e,81a634c8428d49490d850ac61dcd055b,d622dafa9ced7bbde05af58d76115475,119,116,235,0.00000,0.00000,0.00000,0.00000,116.00000,819,0,0,0,2025-11-27 05:45:15.100 -0800,2015-01-01
7eb78036004e735c5fd01175d35ece0a,3943d8795e03e8e3307b5b71eac1b669,4b6544406098f683478fca26b2589e6d,d622dafa9ced7bbde05af58d76115475,-4,-23,-27,0.00000,0.00000,0.00000,0.00000,0.00000,680,0,0,1,2025-11-27 05:45:15.100 -0800,2015-01-01
7eb78036004e735c5fd01175d35ece0a,3943d8795e03e8e3307b5b71eac1b669,a168707a04e052b73d2c4677f8891c7f,16398053b0ee1ac75460202a32bee818,-5,-3,-8,0.00000,0.00000,0.00000,0.00000,0.00000,956,0,0,1,2025-11-27 05:45:15.100 -0800,2015-01-01
7eb78036004e735c5fd01175d35ece0a,3943d8795e03e8e3307b5b71eac1b669,1375575710990aaefeb0228d672c5521,16398053b0ee1ac75460202a32bee818,111,123,234,12.00000,0.00000,0.00000,0.00000,111.00000,1009,0,0,0,2025-11-27 05:45:15.100 -0800,2015-01-01
7eb78036004e735c5fd01175d35ece0a,3943d8795e03e8e3307b5b71eac1b669,741066db83e01b2e278e24ccfc2ec1c3,16398053b0ee1ac75460202a32bee818,0,-1,-1,0.00000,0.00000,0.00000,0.00000,0.00000,861,0,0,1,2025-11-27 05:45:15.100 -0800,2015-01-01
7eb78036004e735c5fd01175d35ece0a,3943d8795e03e8e3307b5b71eac1b669,02cc65e6314cfbfc8d6c50ebf876fca7,fdb45b3999a9b295cad4ce7182e47d9a,3,-18,-15,0.00000,0.00000,0.00000,0.00000,0.00000,937,0,0,1,2025-11-27 05:45:15.100 -0800,2015-01-01
7eb78036004e735c5fd01175d35ece0a,3943d8795e03e8e3307b5b71eac1b669,807b2a9e337cc4dc202da8381e32b563,c23431d0209648a6b31fa837dd56d681,12,-6,6,0.00000,0.00000,0.00000,0.00000,0.00000,416,0,0,0,2025-11-27 05:45:15.100 -0800,2015-01-01
7eb78036004e735c5fd01175d35ece0a,7516fd43adaa5e0b8a65a672c39845d2,fbe26e14c13a160732e821845d550380,1375575710990aaefeb0228d672c5521,-9,12,3,0.00000,0.00000,0.00000,0.00000,0.00000,647,0,0,0,2025-11-27 05:45:15.100 -0800,2015-01-01
7eb78036004e735c5fd01175d35ece0a,7516fd43adaa5e0b8a65a672c39845d2,cd890ff50d3ade7ee866656ad0bf25cf,1375575710990aaefeb0228d672c5521,-2,8,6,0.00000,0.00000,0.00000,0.00000,0.00000,646,0,0,0,2025-11-27 05:45:15.100 -0800,2015-01-01
7eb78036004e735c5fd01175d35ece0a,7516fd43adaa5e0b8a65a672c39845d2,f8f616f13290f510b4a834a9de72c77b,5cd6e4fb660220e97088efe8987a0f7f,-5,-14,-19,0.00000,0.00000,0.00000,0.00000,0.00000,683,0,0,1,2025-11-27 05:45:15.100 -0800,2015-01-01
7eb78036004e735c5fd01175d35ece0a,3943d8795e03e8e3307b5b71eac1b669,9b699f7446b35567b9d515252211df0b,d622dafa9ced7bbde05af58d76115475,-3,14,11,0.00000,0.00000,0.00000,0.00000,0.00000,804,0,0,0,2025-11-27 05:45:15.100 -0800,2015-01-01
7eb78036004e735c5fd01175d35ece0a,3943d8795e03e8e3307b5b71eac1b669,0655502f90e66ebc7dab94de8f9a3ef7,16398053b0ee1ac75460202a32bee818,22,24,46,2.00000,0.00000,22.00000,0.00000,0.00000,1117,0,0,0,2025-11-27 05:45:15.100 -0800,2015-01-01
7eb78036004e735c5fd01175d35ece0a,3943d8795e03e8e3307b5b71eac1b669,d622dafa9ced7bbde05af58d76115475,16398053b0ee1ac75460202a32bee818,-8,-4,-12,0.00000,0.00000,0.00000,0.00000,0.00000,862,0,0,1,2025-11-27 05:45:15.100 -0800,2015-01-01
7eb78036004e735c5fd01175d35ece0a,c6a0e7c2e78ced7f024313cb92b897a3,e938c5bbd29de26c3a600a0330465f8b,142527c9f3eda5c09b4cb8df41c7895e,-4,-26,-30,0.00000,0.00000,0.00000,0.00000,0.00000,369,0,0,1,2025-11-27 05:45:15.100 -0800,2015-01-01
7eb78036004e735c5fd01175d35ece0a,c6a0e7c2e78ced7f024313cb92b897a3,f1f5aacec9d4156166560b9a5cb62640,142527c9f3eda5c09b4cb8df41c7895e,2,-25,-23,0.00000,0.00000,0.00000,0.00000,0.00000,2106,0,0,1,2025-11-27 05:45:15.100 -0800,2015-01-01
7eb78036004e735c5fd01175d35ece0a,c6a0e7c2e78ced7f024313cb92b897a3,4ee955413ea0bd37382a10edd6939d5f,66278169ff108a36ca287378274634fa,7,22,29,15.00000,0.00000,7.00000,0.00000,0.00000,759,0,0,0,2025-11-27 05:45:15.100 -0800,2015-01-01
7eb78036004e735c5fd01175d35ece0a,c6a0e7c2e78ced7f024313cb92b897a3,1375575710990aaefeb0228d672c5521,6bad82127b1712ba0e58b7d10e8e30df,1,-6,-5,0.00000,0.00000,0.00000,0.00000,0.00000,507,0,0,1,2025-11-27 05:45:15.100 -0800,2015-01-01
7eb78036004e735c5fd01175d35ece0a,c6a0e7c2e78ced7f024313cb92b897a3,0655502f90e66ebc7dab94de8f9a3ef7,41bf80d3ffe05d483ff2a339f8eac566,-1,-26,-27,0.00000,0.00000,0.00000,0.00000,0.00000,994,0,0,1,2025-11-27 05:45:15.100 -0800,2015-01-01
7eb78036004e735c5fd01175d35ece0a,c6a0e7c2e78ced7f024313cb92b897a3,f8f616f13290f510b4a834a9de72c77b,142527c9f3eda5c09b4cb8df41c7895e,6,-13,-7,0.00000,0.00000,0.00000,0.00000,0.00000,327,0,0,1,2025-11-27 05:45:15.100 -0800,2015-01-01
7eb78036004e735c5fd01175d35ece0a,c6a0e7c2e78ced7f024313cb92b897a3,f3b69be0f57a9519705082d49cc75ed6,c25c66f8ac4fc39070aaa75c4c58c91a,-6,-16,-22,0.00000,0.00000,0.00000,0.00000,0.00000,2139,0,0,1,2025-11-27 05:45:15.100 -0800,2015-01-01
7eb78036004e735c5fd01175d35ece0a,3943d8795e03e8e3307b5b71eac1b669,f3b69be0f57a9519705082d49cc75ed6,c23431d0209648a6b31fa837dd56d681,-3,-4,-7,0.00000,0.00000,0.00000,0.00000,0.00000,1846,0,0,1,2025-11-27 05:45:15.100 -0800,2015-01-01
7eb78036004e735c5fd01175d35ece0a,3943d8795e03e8e3307b5b71eac1b669,fdb45b3999a9b295cad4ce7182e47d9a,02cc65e6314cfbfc8d6c50ebf876fca7,-5,-18,-23,0.00000,0.00000,0.00000,0.00000,0.00000,937,0,0,1,2025-11-27 05:45:15.100 -0800,2015-01-01
7eb78036004e735c5fd01175d35ece0a,3943d8795e03e8e3307b5b71eac1b669,08a601c7e8befa1393c348508a878db1,16398053b0ee1ac75460202a32bee818,13,11,24,0.00000,0.00000,0.00000,0.00000,0.00000,1825,0,0,0,2025-11-27 05:45:15.100 -0800,2015-01-01
7eb78036004e735c5fd01175d35ece0a,3943d8795e03e8e3307b5b71eac1b669,e938c5bbd29de26c3a600a0330465f8b,c23431d0209648a6b31fa837dd56d681,-3,-11,-14,0.00000,0.00000,0.00000,0.00000,0.00000,867,0,0,1,2025-11-27 05:45:15.100 -0800,2015-01-01
925f47530a283824250bbb8ccd5412ae,68b1f1cc15d8987eafe633c9488bdc05,41bf80d3ffe05d483ff2a339f8eac566,cf4c24e87f3bf7a7ba3bc78dd952a0c1,30,14,44,0.00000,0.00000,0.00000,0.00000,0.00000,899,0,0,0,2025-11-27 05:45:15.100 -0800,2015-01-10
925f47530a283824250bbb8ccd5412ae,51f581937765890f2a706c77ea8af3cc,2c31b3cd525846b235e9b49434ed3e3d,af4e41ea70cda97b3e606647516dd6db,-3,0,-3,0.00000,0.00000,0.00000,0.00000,0.00000,690,0,0,1,2025-11-27 05:45:15.100 -0800,2015-01-10
925f47530a283824250bbb8ccd5412ae,3943d8795e03e8e3307b5b71eac1b669,af4e41ea70cda97b3e606647516dd6db,1656b5b29550d4c6dd8ba4dee070f631,1,-28,-27,0.00000,0.00000,0.00000,0.00000,0.00000,1235,0,0,1,2025-11-27 05:45:15.100 -0800,2015-01-10
925f47530a283824250bbb8ccd5412ae,f5ce9f5cb682a1f863d5a8c51ac28683,c25c66f8ac4fc39070aaa75c4c58c91a,62a0282d39568be094470486eaf70c4f,-2,-35,-37,0.00000,0.00000,0.00000,0.00000,0.00000,1892,0,0,1,2025-11-27 05:45:15.100 -0800,2015-01-10
925f47530a283824250bbb8ccd5412ae,f5ce9f5cb682a1f863d5a8c51ac28683,c25c66f8ac4fc39070aaa75c4c58c91a,637d536065e18d89c0f1c21fce509ce1,0,9,9,0.00000,0.00000,0.00000,0.00000,0.00000,594,0,0,0,2025-11-27 05:45:15.100 -0800,2015-01-10
925f47530a283824250bbb8ccd5412ae,f5ce9f5cb682a1f863d5a8c51ac28683,fdb45b3999a9b295cad4ce7182e47d9a,4b6544406098f683478fca26b2589e6d,-11,-20,-31,0.00000,0.00000,0.00000,0.00000,0.00000,1310,0,0,1,2025-11-27 05:45:15.100 -0800,2015-01-10
925f47530a283824250bbb8ccd5412ae,e48bf9dad3f5d442f9d14d931be6f43e,d622dafa9ced7bbde05af58d76115475,ef23ef1d426ae1a73a7eed399cef707d,0,3,3,0.00000,0.00000,0.00000,0.00000,0.00000,73,0,0,0,2025-11-27 05:45:15.100 -0800,2015-01-10
925f47530a283824250bbb8ccd5412ae,7516fd43adaa5e0b8a65a672c39845d2,5cd6e4fb660220e97088efe8987a0f7f,2523e0c272cb676c4f59f97828966f78,-4,-11,-15,0.00000,0.00000,0.00000,0.00000,0.00000,575,0,0,1,2025-11-27 05:45:15.100 -0800,2015-01-10
925f47530a283824250bbb8ccd5412ae,7516fd43adaa5e0b8a65a672c39845d2,024d0a19e2c7138683b785b4e0412532,c25c66f8ac4fc39070aaa75c4c58c91a,-1,-23,-24,0.00000,0.00000,0.00000,0.00000,0.00000,666,0,0,1,2025-11-27 05:45:15.100 -0800,2015-01-10
925f47530a283824250bbb8ccd5412ae,7516fd43adaa5e0b8a65a672c39845d2,5cd6e4fb660220e97088efe8987a0f7f,,-1,-7,-8,0.00000,0.00000,0.00000,0.00000,0.00000,603,0,0,1,2025-11-27 05:45:15.100 -0800,2015-01-10
925f47530a283824250bbb8ccd5412ae,7516fd43adaa5e0b8a65a672c39845d2,5cd6e4fb660220e97088efe8987a0f7f,f8f616f13290f510b4a834a9de72c77b,-3,-5,-8,0.00000,0.00000,0.00000,0.00000,0.00000,683,0,0,1,2025-11-27 05:45:15.100 -0800,2015-01-10
925f47530a283824250bbb8ccd5412ae,7516fd43adaa5e0b8a65a672c39845d2,5cd6e4fb660220e97088efe8987a0f7f,741066db83e01b2e278e24ccfc2ec1c3,34,30,64,0.00000,0.00000,30.00000,0.00000,0.00000,600,0,0,0,2025-11-27 05:45:15.100 -0800,2015-01-10
925f47530a283824250bbb8ccd5412ae,7516fd43adaa5e0b8a65a672c39845d2,1375575710990aaefeb0228d672c5521,16398053b0ee1ac75460202a32bee818,-5,-6,-11,0.00000,0.00000,0.00000,0.00000,0.00000,1009,0,0,1,2025-11-27 05:45:15.100 -0800,2015-01-10
925f47530a283824250bbb8ccd5412ae,b80fbb2d4bfa95a5db718a58f7c97cd1,c23431d0209648a6b31fa837dd56d681,f3b69be0f57a9519705082d49cc75ed6,11,-7,4,0.00000,0.00000,0.00000,0.00000,0.00000,1846,0,0,0,2025-11-27 05:45:15.100 -0800,2015-01-10
925f47530a283824250bbb8ccd5412ae,b80fbb2d4bfa95a5db718a58f7c97cd1,f3b69be0f57a9519705082d49cc75ed6,1656b5b29550d4c6dd8ba4dee070f631,-3,-8,-11,0.00000,0.00000,0.00000,0.00000,0.00000,337,0,0,1,2025-11-27 05:45:15.100 -0800,2015-01-10
925f47530a283824250bbb8ccd5412ae,c6a0e7c2e78ced7f024313cb92b897a3,ebab061ac4ae3f8c2a802f168565b562,f385c91f74b289ba1cf9990a42d9cd0c,-5,-15,-20,0.00000,0.00000,0.00000,0.00000,0.00000,632,0,0,1,2025-11-27 05:45:15.100 -0800,2015-01-10
925f47530a283824250bbb8ccd5412ae,c6a0e7c2e78ced7f024313cb92b897a3,f1f5aacec9d4156166560b9a5cb62640,57a17c0041e20ef5edd94dec9b9eec73,8,2,10,0.00000,0.00000,0.00000,0.00000,0.00000,1524,0,0,0,2025-11-27 05:45:15.100 -0800,2015-01-10
925f47530a283824250bbb8ccd5412ae,c6a0e7c2e78ced7f024313cb92b897a3,f1f5aacec9d4156166560b9a5cb62640,81a634c8428d49490d850ac61dcd055b,26,25,51,0.00000,0.00000,20.00000,5.00000,0.00000,197,0,0,0,2025-11-27 05:45:15.100 -0800,2015-01-10
925f47530a283824250bbb8ccd5412ae,c6a0e7c2e78ced7f024313cb92b897a3,2a83fbcc9aa67d67b38a6f1f26b503b4,142527c9f3eda5c09b4cb8df41c7895e,25,19,44,0.00000,0.00000,0.00000,19.00000,0.00000,377,0,0,0,2025-11-27 05:45:15.100 -0800,2015-01-10
925f47530a283824250bbb8ccd5412ae,c6a0e7c2e78ced7f024313cb92b897a3,57a9c0aa3c040006e0c605e8130d92a2,142527c9f3eda5c09b4cb8df41c7895e,-4,-10,-14,0.00000,0.00000,0.00000,0.00000,0.00000,998,0,0,1,2025-11-27 05:45:15.100 -0800,2015-01-10
925f47530a283824250bbb8ccd5412ae,c6a0e7c2e78ced7f024313cb92b897a3,57a9c0aa3c040006e0c605e8130d92a2,66278169ff108a36ca287378274634fa,-1,12,11,0.00000,0.00000,0.00000,0.00000,0.00000,302,0,0,0,2025-11-27 05:45:15.100 -0800,2015-01-10
925f47530a283824250bbb8ccd5412ae,c6a0e7c2e78ced7f024313cb92b897a3,57a9c0aa3c040006e0c605e8130d92a2,1375575710990aaefeb0228d672c5521,0,-22,-22,0.00000,0.00000,0.00000,0.00000,0.00000,1300,0,0,1,2025-11-27 05:45:15.100 -0800,2015-01-10
925f47530a283824250bbb8ccd5412ae,c6a0e7c2e78ced7f024313cb92b897a3,44d787509883c403e5a0a8580ad3f2b9,f1f5aacec9d4156166560b9a5cb62640,41,38,79,0.00000,0.00000,0.00000,38.00000,0.00000,386,0,0,0,2025-11-27 05:45:15.100 -0800,2015-01-10
925f47530a283824250bbb8ccd5412ae,c6a0e7c2e78ced7f024313cb92b897a3,8c9485eacaf389d14b2f920e4b492044,f1f5aacec9d4156166560b9a5cb62640,2,-10,-8,0.00000,0.00000,0.00000,0.00000,0.00000,226,0,0,1,2025-11-27 05:45:15.100 -0800,2015-01-10
925f47530a283824250bbb8ccd5412ae,c6a0e7c2e78ced7f024313cb92b897a3,,dd3eb9957f43759b85cc6d50ea901967,34,29,63,0.00000,0.00000,8.00000,21.00000,0.00000,612,0,0,0,2025-11-27 05:45:15.100 -0800,2015-01-10
925f47530a283824250bbb8ccd5412ae,3b98e2dffc6cb06a89dcb0d5c60a0206,1656b5b29550d4c6dd8ba4dee070f631,f3b69be0f57a9519705082d49cc75ed6,-3,3,0,0.00000,0.00000,0.00000,0.00000,0.00000,337,0,0,1,2025-11-27 05:45:15.100 -0800,2015-01-10
925f47530a283824250bbb8ccd5412ae,3b98e2dffc6cb06a89dcb0d5c60a0206,af4e41ea70cda97b3e606647516dd6db,,33,41,74,8.00000,0.00000,33.00000,0.00000,0.00000,237,0,0,0,2025-11-27 05:45:15.100 -0800,2015-01-10
925f47530a283824250bbb8ccd5412ae,3b98e2dffc6cb06a89dcb0d5c60a0206,1656b5b29550d4c6dd8ba4dee070f631,c23431d0209648a6b31fa837dd56d681,-5,-2,-7,0.00000,0.00000,0.00000,0.00000,0.00000,1744,0,0,1,2025-11-27 05:45:15.100 -0800,2015-01-10
925f47530a283824250bbb8ccd5412ae,a2c29192484301fa800100e16e494acf,a5bc417468d5c8c378672f6bdd2e0c90,62a0282d39568be094470486eaf70c4f,-7,-20,-27,0.00000,0.00000,0.00000,0.00000,0.00000,2614,0,0,1,2025-11-27 05:45:15.100 -0800,2015-01-10
925f47530a283824250bbb8ccd5412ae,68b1f1cc15d8987eafe633c9488bdc05,,e8178f8f26527f80a53bfc4c51e7812b,2,-6,-4,0.00000,0.00000,0.00000,0.00000,0.00000,1005,0,0,1,2025-11-27 05:45:15.100 -0800,2015-01-10
925f47530a283824250bbb8ccd5412ae,3b98e2dffc6cb06a89dcb0d5c60a0206,d622dafa9ced7bbde05af58d76115475,af4e41ea70cda97b3e606647516dd6db,-5,-7,-12,0.00000,0.00000,0.00000,0.00000,0.00000,641,0,0,1,2025-11-27 05:45:15.100 -0800,2015-01-10
925f47530a283824250bbb8ccd5412ae,f5ce9f5cb682a1f863d5a8c51ac28683,c25c66f8ac4fc39070aaa75c4c58c91a,1656b5b29550d4c6dd8ba4dee070f631,3,-16,-13,0.00000,0.00000,0.00000,0.00000,0.00000,1947,0,0,1,2025-11-27 05:45:15.100 -0800,2015-01-10
925f47530a283824250bbb8ccd5412ae,f5ce9f5cb682a1f863d5a8c51ac28683,c25c66f8ac4fc39070aaa75c4c58c91a,57a9c0aa3c040006e0c605e8130d92a2,-1,-9,-10,0.00000,0.00000,0.00000,0.00000,0.00000,425,0,0,1,2025-11-27 05:45:15.100 -0800,2015-01-10
925f47530a283824250bbb8ccd5412ae,f5ce9f5cb682a1f863d5a8c51ac28683,c25c66f8ac4fc39070aaa75c4c58c91a,4b6544406098f683478fca26b2589e6d,-3,-27,-30,0.00000,0.00000,0.00000,0.00000,0.00000,907,0,0,1,2025-11-27 05:45:15.100 -0800,2015-01-10
925f47530a283824250bbb8ccd5412ae,f5ce9f5cb682a1f863d5a8c51ac28683,c25c66f8ac4fc39070aaa75c4c58c91a,cf4c24e87f3bf7a7ba3bc78dd952a0c1,0,-21,-21,0.00000,0.00000,0.00000,0.00000,0.00000,547,0,0,1,2025-11-27 05:45:15.100 -0800,2015-01-10
925f47530a283824250bbb8ccd5412ae,f5ce9f5cb682a1f863d5a8c51ac28683,c25c66f8ac4fc39070aaa75c4c58c91a,d1d1a12c39f739401fca735ec0e70aca,0,-10,-10,0.00000,0.00000,0.00000,0.00000,0.00000,240,0,0,1,2025-11-27 05:45:15.100 -0800,2015-01-10
925f47530a283824250bbb8ccd5412ae,834d41112f2943c357f660165b6eb6de,c23431d0209648a6b31fa837dd56d681,fab966bb80bf0c8397d2bbce0e2b41c6,3,-9,-6,0.00000,0.00000,0.00000,0.00000,0.00000,864,0,0,1,2025-11-27 05:45:15.100 -0800,2015-01-10
925f47530a283824250bbb8ccd5412ae,834d41112f2943c357f660165b6eb6de,46187049a76c83031dd5abad6290a90f,d1bef49a8aa9f8053c8458cb9965f220,-8,-18,-26,0.00000,0.00000,0.00000,0.00000,0.00000,549,0,0,1,2025-11-27 05:45:15.100 -0800,2015-01-10
925f47530a283824250bbb8ccd5412ae,892a245e287c163080b23db737d3c4c9,d6a32d7f0b3d92476bb075273758537b,41bf80d3ffe05d483ff2a339f8eac566,-2,-19,-21,0.00000,0.00000,0.00000,0.00000,0.00000,901,0,0,1,2025-11-27 05:45:15.100 -0800,2015-01-10
925f47530a283824250bbb8ccd5412ae,892a245e287c163080b23db737d3c4c9,fdb45b3999a9b295cad4ce7182e47d9a,7c49f59ce6e27adbd89e9ef63b83d7a8,37,37,74,2.00000,0.00000,0.00000,35.00000,0.00000,895,0,0,0,2025-11-27 05:45:15.100 -0800,2015-01-10
925f47530a283824250bbb8ccd5412ae,892a245e287c163080b23db737d3c4c9,af4e41ea70cda97b3e606647516dd6db,39c4c7f81e6390802529f54e461c0128,-13,-17,-30,0.00000,0.00000,0.00000,0.00000,0.00000,812,0,0,1,2025-11-27 05:45:15.100 -0800,2015-01-10
925f47530a283824250bbb8ccd5412ae,51f581937765890f2a706c77ea8af3cc,af4e41ea70cda97b3e606647516dd6db,,6,3,9,0.00000,0.00000,0.00000,0.00000,0.00000,641,0,0,0,2025-11-27 05:45:15.100 -0800,2015-01-10
925f47530a283824250bbb8ccd5412ae,51f581937765890f2a706c77ea8af3cc,af4e41ea70cda97b3e606647516dd6db,227468a5bad2ead3a4489ca2efc8b96b,61,43,104,0.00000,0.00000,39.00000,4.00000,0.00000,701,0,0,0,2025-11-27 05:45:15.100 -0800,2015-01-10
925f47530a283824250bbb8ccd5412ae,51f581937765890f2a706c77ea8af3cc,9cafcaf3209bcf8cf540533986191dd6,c23431d0209648a6b31fa837dd56d681,,,,0.00000,0.00000,0.00000,0.00000,0.00000,108,1,0,0,2025-11-27 05:45:15.100 -0800,2015-01-10
925f47530a283824250bbb8ccd5412ae,51f581937765890f2a706c77ea8af3cc,af4e41ea70cda97b3e606647516dd6db,68e5ed3321d8b86d30dd340193dc3716,-4,2,-2,0.00000,0.00000,0.00000,0.00000,0.00000,354,0,0,1,2025-11-27 05:45:15.100 -0800,2015-01-10
925f47530a283824250bbb8ccd5412ae,834d41112f2943c357f660165b6eb6de,c23431d0209648a6b31fa837dd56d681,f8f616f13290f510b4a834a9de72c77b,3,-8,-5,0.00000,0.00000,0.00000,0.00000,0.00000,849,0,0,1,2025-11-27 05:45:15.100 -0800,2015-01-10
925f47530a283824250bbb8ccd5412ae,51f581937765890f2a706c77ea8af3cc,c23431d0209648a6b31fa837dd56d681,683c1ec1680b75f9955a34d9e49a55f8,-4,-8,-12,0.00000,0.00000,0.00000,0.00000,0.00000,212,0,0,1,2025-11-27 05:45:15.100 -0800,2015-01-10
925f47530a283824250bbb8ccd5412ae,e48bf9dad3f5d442f9d14d931be6f43e,1656b5b29550d4c6dd8ba4dee070f631,bddc897643b82a19866e1e43a3181b63,-7,-1,-8,0.00000,0.00000,0.00000,0.00000,0.00000,266,0,0,1,2025-11-27 05:45:15.100 -0800,2015-01-10
925f47530a283824250bbb8ccd5412ae,e48bf9dad3f5d442f9d14d931be6f43e,d52fcd1f831abc4efe3a7f571ee39aa8,1375575710990aaefeb0228d672c5521,-9,-10,-19,0.00000,0.00000,0.00000,0.00000,0.00000,455,0,0,1,2025-11-27 05:45:15.100 -0800,2015-01-10
925f47530a283824250bbb8ccd5412ae,e48bf9dad3f5d442f9d14d931be6f43e,,1375575710990aaefeb0228d672c5521,-4,-4,-8,0.00000,0.00000,0.00000,0.00000,0.00000,110,0,0,1,2025-11-27 05:45:15.100 -0800,2015-01-10
925f47530a283824250bbb8ccd5412ae,3b98e2dffc6cb06a89dcb0d5c60a0206,684e1388a91900480c702ac5b8f6b4d8,af4e41ea70cda97b3e606647516dd6db,-9,-9,-18,0.00000,0.00000,0.00000,0.00000,0.00000,247,0,0,1,2025-11-27 05:45:15.100 -0800,2015-01-10
925f47530a283824250bbb8ccd5412ae,834d41112f2943c357f660165b6eb6de,f66296591d6caf2b2c27e885f2fc108c,c23431d0209648a6b31fa837dd56d681,3,-3,0,0.00000,0.00000,0.00000,0.00000,0.00000,139,0,0,1,2025-11-27 05:45:15.100 -0800,2015-01-10
925f47530a283824250bbb8ccd5412ae,594c16ca0695f6665d7cf4971707adf6,a5bc417468d5c8c378672f6bdd2e0c90,9159db7c15fc9abe7a0fdde8bb6167fb,-3,0,-3,0.00000,0.00000,0.00000,0.00000,0.00000,216,0,0,1,2025-11-27 05:45:15.100 -0800,2015-01-10
925f47530a283824250bbb8ccd5412ae,834d41112f2943c357f660165b6eb6de,cf4e41c6a199c5c45a904502f93c422b,c23431d0209648a6b31fa837dd56d681,12,15,27,3.00000,0.00000,12.00000,0.00000,0.00000,531,0,0,0,2025-11-27 05:45:15.100 -0800,2015-01-10
925f47530a283824250bbb8ccd5412ae,e48bf9dad3f5d442f9d14d931be6f43e,9b699f7446b35567b9d515252211df0b,f3b69be0f57a9519705082d49cc75ed6,-8,-25,-33,0.00000,0.00000,0.00000,0.00000,0.00000,192,0,0,1,2025-11-27 05:45:15.100 -0800,2015-01-10
925f47530a283824250bbb8ccd5412ae,f5ce9f5cb682a1f863d5a8c51ac28683,c25c66f8ac4fc39070aaa75c4c58c91a,41bf80d3ffe05d483ff2a339f8eac566,-3,-18,-21,0.00000,0.00000,0.00000,0.00000,0.00000,581,0,0,1,2025-11-27 05:45:15.100 -0800,2015-01-10
925f47530a283824250bbb8ccd5412ae,f5ce9f5cb682a1f863d5a8c51ac28683,1656b5b29550d4c6dd8ba4dee070f631,6bad82127b1712ba0e58b7d10e8e30df,-7,-1,-8,0.00000,0.00000,0.00000,0.00000,0.00000,590,0,0,1,2025-11-27 05:45:15.100 -0800,2015-01-10
925f47530a283824250bbb8ccd5412ae,594c16ca0695f6665d7cf4971707adf6,efe57e3098b01272e92ab041ad05a559,e94afc367f47e1aaf16533e4ecbc8716,28,23,51,0.00000,0.00000,0.00000,23.00000,0.00000,201,0,0,0,2025-11-27 05:45:15.100 -0800,2015-01-10
925f47530a283824250bbb8ccd5412ae,e48bf9dad3f5d442f9d14d931be6f43e,93ffcc752869e44df8c85ebbaa5d3081,1656b5b29550d4c6dd8ba4dee070f631,-9,-6,-15,0.00000,0.00000,0.00000,0.00000,0.00000,763,0,0,1,2025-11-27 05:45:15.100 -0800,2015-01-10
925f47530a283824250bbb8ccd5412ae,f5ce9f5cb682a1f863d5a8c51ac28683,c25c66f8ac4fc39070aaa75c4c58c91a,f3b69be0f57a9519705082d49cc75ed6,12,-19,-7,0.00000,0.00000,0.00000,0.00000,0.00000,2139,0,0,1,2025-11-27 05:45:15.100 -0800,2015-01-10
925f47530a283824250bbb8ccd5412ae,834d41112f2943c357f660165b6eb6de,c25c66f8ac4fc39070aaa75c4c58c91a,b4d45708de4ddb301ffd4666a5949344,-4,-9,-13,0.00000,0.00000,0.00000,0.00000,0.00000,192,0,0,1,2025-11-27 05:45:15.100 -0800,2015-01-10
925f47530a283824250bbb8ccd5412ae,7516fd43adaa5e0b8a65a672c39845d2,5cd6e4fb660220e97088efe8987a0f7f,,-9,-9,-18,0.00000,0.00000,0.00000,0.00000,0.00000,507,0,0,1,2025-11-27 05:45:15.100 -0800,2015-01-10
925f47530a283824250bbb8ccd5412ae,7516fd43adaa5e0b8a65a672c39845d2,5cd6e4fb660220e97088efe8987a0f7f,57a9c0aa3c040006e0c605e8130d92a2,-5,-9,-14,0.00000,0.00000,0.00000,0.00000,0.00000,651,0,0,1,2025-11-27 05:45:15.100 -0800,2015-01-10
925f47530a283824250bbb8ccd5412ae,7516fd43adaa5e0b8a65a672c39845d2,5cd6e4fb660220e97088efe8987a0f7f,a168707a04e052b73d2c4677f8891c7f,-3,-10,-13,0.00000,0.00000,0.00000,0.00000,0.00000,590,0,0,1,2025-11-27 05:45:15.100 -0800,2015-01-10
925f47530a283824250bbb8ccd5412ae,7516fd43adaa5e0b8a65a672c39845d2,1656b5b29550d4c6dd8ba4dee070f631,1375575710990aaefeb0228d672c5521,15,11,26,0.00000,0.00000,0.00000,0.00000,0.00000,370,0,0,0,2025-11-27 05:45:15.100 -0800,2015-01-10
925f47530a283824250bbb8ccd5412ae,c6a0e7c2e78ced7f024313cb92b897a3,e3252e1a8c33a30ae3fac99574706989,f385c91f74b289ba1cf9990a42d9cd0c,1,20,21,20.00000,0.00000,0.00000,0.00000,0.00000,717,0,0,0,2025-11-27 05:45:15.100 -0800,2015-01-10
925f47530a283824250bbb8ccd5412ae,c6a0e7c2e78ced7f024313cb92b897a3,8faa77c9cf7465efb7d16af6a0b2630c,f385c91f74b289ba1cf9990a42d9cd0c,44,53,97,9.00000,0.00000,0.00000,44.00000,0.00000,972,0,0,0,2025-11-27 05:45:15.100 -0800,2015-01-10
925f47530a283824250bbb8ccd5412ae,c6a0e7c2e78ced7f024313cb92b897a3,dd3eb9957f43759b85cc6d50ea901967,fdb45b3999a9b295cad4ce7182e47d9a,19,18,37,0.00000,0.00000,0.00000,18.00000,0.00000,616,0,0,0,2025-11-27 05:45:15.100 -0800,2015-01-10
925f47530a283824250bbb8ccd5412ae,c6a0e7c2e78ced7f024313cb92b897a3,e938c5bbd29de26c3a600a0330465f8b,142527c9f3eda5c09b4cb8df41c7895e,-3,-20,-23,0.00000,0.00000,0.00000,0.00000,0.00000,369,0,0,1,2025-11-27 05:45:15.100 -0800,2015-01-10
925f47530a283824250bbb8ccd5412ae,c6a0e7c2e78ced7f024313cb92b897a3,30a0d7e5d27798b991e76fbe4ecd7d66,f1f5aacec9d4156166560b9a5cb62640,11,21,32,10.00000,0.00000,4.00000,7.00000,0.00000,1986,0,0,0,2025-11-27 05:45:15.100 -0800,2015-01-10
925f47530a283824250bbb8ccd5412ae,c6a0e7c2e78ced7f024313cb92b897a3,1375575710990aaefeb0228d672c5521,9b699f7446b35567b9d515252211df0b,8,6,14,0.00000,0.00000,0.00000,0.00000,0.00000,601,0,0,0,2025-11-27 05:45:15.100 -0800,2015-01-10
925f47530a283824250bbb8ccd5412ae,c6a0e7c2e78ced7f024313cb92b897a3,1375575710990aaefeb0228d672c5521,9abd3d9b983e99aa1fd94837498b0bea,3,-14,-11,0.00000,0.00000,0.00000,0.00000,0.00000,1107,0,0,1,2025-11-27 05:45:15.100 -0800,2015-01-10
925f47530a283824250bbb8ccd5412ae,c6a0e7c2e78ced7f024313cb92b897a3,f1f5aacec9d4156166560b9a5cb62640,807b2a9e337cc4dc202da8381e32b563,38,28,66,0.00000,0.00000,28.00000,0.00000,0.00000,1099,0,0,0,2025-11-27 05:45:15.100 -0800,2015-01-10
925f47530a283824250bbb8ccd5412ae,c6a0e7c2e78ced7f024313cb92b897a3,f1f5aacec9d4156166560b9a5cb62640,8c9485eacaf389d14b2f920e4b492044,-3,3,0,0.00000,0.00000,0.00000,0.00000,0.00000,226,0,0,1,2025-11-27 05:45:15.100 -0800,2015-01-10
925f47530a283824250bbb8ccd5412ae,c6a0e7c2e78ced7f024313cb92b897a3,f046b60ddd9950a7fb55d24968b9a53c,08a601c7e8befa1393c348508a878db1,33,20,53,0.00000,0.00000,0.00000,20.00000,0.00000,1482,0,0,0,2025-11-27 05:45:15.100 -0800,2015-01-10
925f47530a283824250bbb8ccd5412ae,c6a0e7c2e78ced7f024313cb92b897a3,f385c91f74b289ba1cf9990a42d9cd0c,dd3eb9957f43759b85cc6d50ea901967,36,47,83,11.00000,0.00000,36.00000,0.00000,0.00000,395,0,0,0,2025-11-27 05:45:15.100 -0800,2015-01-10
925f47530a283824250bbb8ccd5412ae,c6a0e7c2e78ced7f024313cb92b897a3,f385c91f74b289ba1cf9990a42d9cd0c,024d0a19e2c7138683b785b4e0412532,-4,-20,-24,0.00000,0.00000,0.00000,0.00000,0.00000,668,0,0,1,2025-11-27 05:45:15.100 -0800,2015-01-10
925f47530a283824250bbb8ccd5412ae,c6a0e7c2e78ced7f024313cb92b897a3,30a0d7e5d27798b991e76fbe4ecd7d66,f385c91f74b289ba1cf9990a42d9cd0c,0,7,7,0.00000,0.00000,0.00000,0.00000,0.00000,468,0,0,0,2025-11-27 05:45:15.100 -0800,2015-01-10
925f47530a283824250bbb8ccd5412ae,c6a0e7c2e78ced7f024313cb92b897a3,142527c9f3eda5c09b4cb8df41c7895e,f385c91f74b289ba1cf9990a42d9cd0c,2,2,4,0.00000,0.00000,0.00000,0.00000,0.00000,611,0,0,0,2025-11-27 05:45:15.100 -0800,2015-01-10
925f47530a283824250bbb8ccd5412ae,c6a0e7c2e78ced7f024313cb92b897a3,79577141a075acfbe6942d9b047eee78,c25c66f8ac4fc39070aaa75c4c58c91a,14,4,18,0.00000,0.00000,0.00000,0.00000,0.00000,447,0,0,0,2025-11-27 05:45:15.100 -0800,2015-01-10
925f47530a283824250bbb8ccd5412ae,c6a0e7c2e78ced7f024313cb92b897a3,d1bef49a8aa9f8053c8458cb9965f220,f385c91f74b289ba1cf9990a42d9cd0c,8,1,9,0.00000,0.00000,0.00000,0.00000,0.00000,228,0,0,0,2025-11-27 05:45:15.100 -0800,2015-01-10
925f47530a283824250bbb8ccd5412ae,c6a0e7c2e78ced7f024313cb92b897a3,66278169ff108a36ca287378274634fa,f1f5aacec9d4156166560b9a5cb62640,16,-3,13,0.00000,0.00000,0.00000,0.00000,0.00000,1235,0,0,0,2025-11-27 05:45:15.100 -0800,2015-01-10
925f47530a283824250bbb8ccd5412ae,c6a0e7c2e78ced7f024313cb92b897a3,fbe26e14c13a160732e821845d550380,f1f5aacec9d4156166560b9a5cb62640,32,32,64,0.00000,0.00000,0.00000,32.00000,0.00000,397,0,0,0,2025-11-27 05:45:15.100 -0800,2015-01-10
925f47530a283824250bbb8ccd5412ae,c6a0e7c2e78ced7f024313cb92b897a3,2523e0c272cb676c4f59f97828966f78,1375575710990aaefeb0228d672c5521,2,-21,-19,0.00000,0.00000,0.00000,0.00000,0.00000,1262,0,0,1,2025-11-27 05:45:15.100 -0800,2015-01-10
925f47530a283824250bbb8ccd5412ae,3b98e2dffc6cb06a89dcb0d5c60a0206,1656b5b29550d4c6dd8ba4dee070f631,a5bc417468d5c8c378672f6bdd2e0c90,-9,-16,-25,0.00000,0.00000,0.00000,0.00000,0.00000,2556,0,0,1,2025-11-27 05:45:15.100 -0800,2015-01-10
925f47530a283824250bbb8ccd5412ae,3b98e2dffc6cb06a89dcb0d5c60a0206,af4e41ea70cda97b3e606647516dd6db,82828756da24342a94c9b1355ae83653,-4,-6,-10,0.00000,0.00000,0.00000,0.00000,0.00000,761,0,0,1,2025-11-27 05:45:15.100 -0800,2015-01-10
925f47530a283824250bbb8ccd5412ae,3b98e2dffc6cb06a89dcb0d5c60a0206,af4e41ea70cda97b3e606647516dd6db,44d787509883c403e5a0a8580ad3f2b9,-1,-18,-19,0.00000,0.00000,0.00000,0.00000,0.00000,1438,0,0,1,2025-11-27 05:45:15.100 -0800,2015-01-10
925f47530a283824250bbb8ccd5412ae,3b98e2dffc6cb06a89dcb0d5c60a0206,8c9485eacaf389d14b2f920e4b492044,1375575710990aaefeb0228d672c5521,-4,-9,-13,0.00000,0.00000,0.00000,0.00000,0.00000,338,0,0,1,2025-11-27 05:45:15.100 -0800,2015-01-10
925f47530a283824250bbb8ccd5412ae,3b98e2dffc6cb06a89dcb0d5c60a0206,af4e41ea70cda97b3e606647516dd6db,9abd3d9b983e99aa1fd94837498b0bea,3,-32,-29,0.00000,0.00000,0.00000,0.00000,0.00000,1660,0,0,1,2025-11-27 05:45:15.100 -0800,2015-01-10
925f47530a283824250bbb8ccd5412ae,3b98e2dffc6cb06a89dcb0d5c60a0206,af4e41ea70cda97b3e606647516dd6db,16398053b0ee1ac75460202a32bee818,-4,-2,-6,0.00000,0.00000,0.00000,0.00000,0.00000,224,0,0,1,2025-11-27 05:45:15.100 -0800,2015-01-10
925f47530a283824250bbb8ccd5412ae,a2c29192484301fa800100e16e494acf,e94afc367f47e1aaf16533e4ecbc8716,62a0282d39568be094470486eaf70c4f,-5,-32,-37,0.00000,0.00000,0.00000,0.00000,0.00000,2541,0,0,1,2025-11-27 05:45:15.100 -0800,2015-01-10
925f47530a283824250bbb8ccd5412ae,68b1f1cc15d8987eafe633c9488bdc05,,e938c5bbd29de26c3a600a0330465f8b,3,-10,-7,0.00000,0.00000,0.00000,0.00000,0.00000,1185,0,0,1,2025-11-27 05:45:15.100 -0800,2015-01-10
925f47530a283824250bbb8ccd5412ae,68b1f1cc15d8987eafe633c9488bdc05,fdb45b3999a9b295cad4ce7182e47d9a,7ec0110417a0273c979ae5721e814f15,4,-7,-3,0.00000,0.00000,0.00000,0.00000,0.00000,950,0,0,1,2025-11-27 05:45:15.100 -0800,2015-01-10
925f47530a283824250bbb8ccd5412ae,68b1f1cc15d8987eafe633c9488bdc05,e938c5bbd29de26c3a600a0330465f8b,142527c9f3eda5c09b4cb8df41c7895e,54,42,96,0.00000,0.00000,42.00000,0.00000,0.00000,369,0,0,0,2025-11-27 05:45:15.100 -0800,2015-01-10
925f47530a283824250bbb8ccd5412ae,f5ce9f5cb682a1f863d5a8c51ac28683,c25c66f8ac4fc39070aaa75c4c58c91a,f1f5aacec9d4156166560b9a5cb62640,2,-19,-17,0.00000,0.00000,0.00000,0.00000,0.00000,1747,0,0,1,2025-11-27 05:45:15.100 -0800,2015-01-10
925f47530a283824250bbb8ccd5412ae,f5ce9f5cb682a1f863d5a8c51ac28683,a168707a04e052b73d2c4677f8891c7f,c25c66f8ac4fc39070aaa75c4c58c91a,-4,-4,-8,0.00000,0.00000,0.00000,0.00000,0.00000,545,0,0,1,2025-11-27 05:45:15.100 -0800,2015-01-10
925f47530a283824250bbb8ccd5412ae,f5ce9f5cb682a1f863d5a8c51ac28683,c25c66f8ac4fc39070aaa75c4c58c91a,a168707a04e052b73d2c4677f8891c7f,0,-12,-12,0.00000,0.00000,0.00000,0.00000,0.00000,545,0,0,1,2025-11-27 05:45:15.100 -0800,2015-01-10
925f47530a283824250bbb8ccd5412ae,f5ce9f5cb682a1f863d5a8c51ac28683,fdb45b3999a9b295cad4ce7182e47d9a,6bad82127b1712ba0e58b7d10e8e30df,65,43,108,0.00000,0.00000,17.00000,26.00000,0.00000,1931,0,0,0,2025-11-27 05:45:15.100 -0800,2015-01-10
925f47530a283824250bbb8ccd5412ae,f5ce9f5cb682a1f863d5a8c51ac28683,9abd3d9b983e99aa1fd94837498b0bea,6bad82127b1712ba0e58b7d10e8e30df,0,-2,-2,0.00000,0.00000,0.00000,0.00000,0.00000,689,0,0,1,2025-11-27 05:45:15.100 -0800,2015-01-10
0d02fbda20e3e32bc7ac70d98afdad7e,3b98e2dffc6cb06a89dcb0d5c60a0206,e8178f8f26527f80a53bfc4c51e7812b,1656b5b29550d4c6dd8ba4dee070f631,100,100,100,0.00000,0.00000,0.00000,0.00000,0.00000,2475,0,0,0,2025-11-27 05:52:56.848 -0800,2015-01-20
5cbd0233cc04bebae672a7323ee412ac,3943d8795e03e8e3307b5b71eac1b669,f3b69be0f57a9519705082d49cc75ed6,c23431d0209648a6b31fa837dd56d681,10,-3,-3,0.00000,0.00000,0.00000,0.00000,0.00000,1846,0,0,1,2025-11-28 02:08:27.288 -0800,2015-02-10
5cbd0233cc04bebae672a7323ee412ac,3943d8795e03e8e3307b5b71eac1b669,f3b69be0f57a9519705082d49cc75ed6,c23431d0209648a6b31fa837dd56d681,60,45,45,0.00000,0.00000,30.00000,15.00000,0.00000,1846,0,0,0,2025-11-28 02:09:25.517 -0800,2015-02-10
5cbd0233cc04bebae672a7323ee412ac,3943d8795e03e8e3307b5b71eac1b669,f3b69be0f57a9519705082d49cc75ed6,c23431d0209648a6b31fa837dd56d681,10,-3,-3,0.00000,0.00000,0.00000,0.00000,0.00000,1846,0,0,1,2025-11-28 02:10:53.421 -0800,2015-02-10
5cbd0233cc04bebae672a7323ee412ac,3943d8795e03e8e3307b5b71eac1b669,f3b69be0f57a9519705082d49cc75ed6,c23431d0209648a6b31fa837dd56d681,10,-3,-3,0.00000,0.00000,0.00000,0.00000,0.00000,1846,0,0,1,2025-11-28 02:11:34.553 -0800,2015-02-10
5cbd0233cc04bebae672a7323ee412ac,3943d8795e03e8e3307b5b71eac1b669,f3b69be0f57a9519705082d49cc75ed6,c23431d0209648a6b31fa837dd56d681,60,45,45,0.00000,0.00000,30.00000,15.00000,0.00000,1846,0,0,0,2025-11-28 02:11:45.360 -0800,2015-02-10
5cbd0233cc04bebae672a7323ee412ac,3943d8795e03e8e3307b5b71eac1b669,f3b69be0f57a9519705082d49cc75ed6,c23431d0209648a6b31fa837dd56d681,60,45,45,0.00000,0.00000,30.00000,15.00000,0.00000,1846,0,0,0,2025-11-28 02:12:05.079 -0800,2015-02-10
5cbd0233cc04bebae672a7323ee412ac,3943d8795e03e8e3307b5b71eac1b669,f3b69be0f57a9519705082d49cc75ed6,c23431d0209648a6b31fa837dd56d681,60,45,45,0.00000,0.00000,30.00000,15.00000,0.00000,1846,0,0,0,2025-11-28 02:16:18.368 -0800,2015-02-10
5cbd0233cc04bebae672a7323ee412ac,3943d8795e03e8e3307b5b71eac1b669,f3b69be0f57a9519705082d49cc75ed6,c23431d0209648a6b31fa837dd56d681,10,-3,-3,0.00000,0.00000,0.00000,0.00000,0.00000,1846,0,0,1,2025-11-28 02:16:43.961 -0800,2015-02-10
5cbd0233cc04bebae672a7323ee412ac,3943d8795e03e8e3307b5b71eac1b669,f3b69be0f57a9519705082d49cc75ed6,c23431d0209648a6b31fa837dd56d681,60,45,45,0.00000,0.00000,30.00000,15.00000,0.00000,1846,0,0,0,2025-11-28 02:17:36.095 -0800,2015-02-10
5cbd0233cc04bebae672a7323ee412ac,3943d8795e03e8e3307b5b71eac1b669,f3b69be0f57a9519705082d49cc75ed6,c23431d0209648a6b31fa837dd56d681,10,-3,-3,0.00000,0.00000,0.00000,0.00000,0.00000,1846,0,0,1,2025-11-28 02:35:15.622 -0800,2015-02-10
5cbd0233cc04bebae672a7323ee412ac,3943d8795e03e8e3307b5b71eac1b669,f3b69be0f57a9519705082d49cc75ed6,c23431d0209648a6b31fa837dd56d681,60,45,45,0.00000,0.00000,30.00000,15.00000,0.00000,1846,0,0,0,2025-11-28 02:35:23.660 -0800,2015-02-10
5cbd0233cc04bebae672a7323ee412ac,3943d8795e03e8e3307b5b71eac1b669,f3b69be0f57a9519705082d49cc75ed6,c23431d0209648a6b31fa837dd56d681,60,45,45,0.00000,0.00000,30.00000,15.00000,0.00000,1846,0,0,0,2025-11-28 02:35:33.308 -0800,2015-02-10
97a850b8e3e88eb7057e9c962eaa24fc,f5ce9f5cb682a1f863d5a8c51ac28683,c25c66f8ac4fc39070aaa75c4c58c91a,637d536065e18d89c0f1c21fce509ce1,5,-10,-10,0.00000,0.00000,0.00000,0.00000,0.00000,600,0,0,1,2025-11-27 08:22:12.250 -0800,2015-03-12
97a850b8e3e88eb7057e9c962eaa24fc,f5ce9f5cb682a1f863d5a8c51ac28683,c25c66f8ac4fc39070aaa75c4c58c91a,637d536065e18d89c0f1c21fce509ce1,45,50,35,0.00000,0.00000,10.00000,5.00000,0.00000,600,0,0,0,2025-11-27 08:22:33.108 -0800,2015-03-12
97a850b8e3e88eb7057e9c962eaa24fc,f5ce9f5cb682a1f863d5a8c51ac28683,c25c66f8ac4fc39070aaa75c4c58c91a,637d536065e18d89c0f1c21fce509ce1,45,50,35,0.00000,0.00000,10.00000,5.00000,0.00000,600,0,0,0,2025-11-27 08:23:28.723 -0800,2015-03-12
97a850b8e3e88eb7057e9c962eaa24fc,f5ce9f5cb682a1f863d5a8c51ac28683,c25c66f8ac4fc39070aaa75c4c58c91a,637d536065e18d89c0f1c21fce509ce1,5,-10,-10,0.00000,0.00000,0.00000,0.00000,0.00000,600,0,0,1,2025-11-27 08:40:35.330 -0800,2015-03-12
97a850b8e3e88eb7057e9c962eaa24fc,f5ce9f5cb682a1f863d5a8c51ac28683,c25c66f8ac4fc39070aaa75c4c58c91a,637d536065e18d89c0f1c21fce509ce1,45,50,35,0.00000,0.00000,10.00000,5.00000,0.00000,600,0,0,0,2025-11-27 08:40:43.559 -0800,2015-03-12
97a850b8e3e88eb7057e9c962eaa24fc,f5ce9f5cb682a1f863d5a8c51ac28683,c25c66f8ac4fc39070aaa75c4c58c91a,637d536065e18d89c0f1c21fce509ce1,5,-10,-10,0.00000,0.00000,0.00000,0.00000,0.00000,600,0,0,1,2025-11-27 08:41:52.059 -0800,2015-03-12
97a850b8e3e88eb7057e9c962eaa24fc,f5ce9f5cb682a1f863d5a8c51ac28683,c25c66f8ac4fc39070aaa75c4c58c91a,637d536065e18d89c0f1c21fce509ce1,5,-10,-10,0.00000,0.00000,0.00000,0.00000,0.00000,600,0,0,1,2025-11-27 08:42:29.116 -0800,2015-03-12
97a850b8e3e88eb7057e9c962eaa24fc,f5ce9f5cb682a1f863d5a8c51ac28683,c25c66f8ac4fc39070aaa75c4c58c91a,637d536065e18d89c0f1c21fce509ce1,45,50,35,0.00000,0.00000,10.00000,5.00000,0.00000,600,0,0,0,2025-11-27 08:42:53.881 -0800,2015-03-12
97a850b8e3e88eb7057e9c962eaa24fc,f5ce9f5cb682a1f863d5a8c51ac28683,c25c66f8ac4fc39070aaa75c4c58c91a,637d536065e18d89c0f1c21fce509ce1,45,50,35,0.00000,0.00000,10.00000,5.00000,0.00000,600,0,0,0,2025-11-27 08:43:22.237 -0800,2015-03-12
97a850b8e3e88eb7057e9c962eaa24fc,f5ce9f5cb682a1f863d5a8c51ac28683,c25c66f8ac4fc39070aaa75c4c58c91a,637d536065e18d89c0f1c21fce509ce1,5,-10,-10,0.00000,0.00000,0.00000,0.00000,0.00000,600,0,0,1,2025-11-27 08:45:33.112 -0800,2015-03-12
97a850b8e3e88eb7057e9c962eaa24fc,f5ce9f5cb682a1f863d5a8c51ac28683,c25c66f8ac4fc39070aaa75c4c58c91a,637d536065e18d89c0f1c21fce509ce1,45,50,35,0.00000,0.00000,10.00000,5.00000,0.00000,600,0,0,0,2025-11-27 08:46:05.488 -0800,2015-03-12
97a850b8e3e88eb7057e9c962eaa24fc,f5ce9f5cb682a1f863d5a8c51ac28683,c25c66f8ac4fc39070aaa75c4c58c91a,637d536065e18d89c0f1c21fce509ce1,45,50,35,0.00000,0.00000,10.00000,5.00000,0.00000,600,0,0,0,2025-11-27 08:47:40.583 -0800,2015-03-12
97a850b8e3e88eb7057e9c962eaa24fc,f5ce9f5cb682a1f863d5a8c51ac28683,c25c66f8ac4fc39070aaa75c4c58c91a,637d536065e18d89c0f1c21fce509ce1,5,-10,-10,0.00000,0.00000,0.00000,0.00000,0.00000,600,0,0,1,2025-11-27 08:52:15.984 -0800,2015-03-12
97a850b8e3e88eb7057e9c962eaa24fc,f5ce9f5cb682a1f863d5a8c51ac28683,c25c66f8ac4fc39070aaa75c4c58c91a,637d536065e18d89c0f1c21fce509ce1,45,50,35,0.00000,0.00000,10.00000,5.00000,0.00000,600,0,0,0,2025-11-27 08:52:44.285 -0800,2015-03-12
97a850b8e3e88eb7057e9c962eaa24fc,f5ce9f5cb682a1f863d5a8c51ac28683,c25c66f8ac4fc39070aaa75c4c58c91a,637d536065e18d89c0f1c21fce509ce1,45,50,35,0.00000,0.00000,10.00000,5.00000,0.00000,600,0,0,0,2025-11-27 09:01:54.362 -0800,2015-03-12
